ID,Type,Name,Documentation,Specialization
"1","ApplicationComponent","SIA09-VCBK01","",""
"2","ApplicationComponent","SIA09-PHBKX1","",""
"3","ApplicationComponent","SIA09-BXQA03","",""
"4","ApplicationComponent","SIA09-SRCAX2","",""
"5","ApplicationComponent","SIA09-NUTDV1","",""
"6","ApplicationComponent","SIA09-SCAPX2","",""
"7","ApplicationComponent","SIA09-BXFS02","",""
"8","ApplicationComponent","SIA09-NUTDV2","",""
"9","ApplicationComponent","SIA09-SPIFDV","",""
"10","ApplicationComponent","SIA09-MLPR01","",""
"11","ApplicationComponent","SIA09-MLPR02","",""
"12","ApplicationComponent","SIA09-MLPR03","",""
"13","ApplicationComponent","SIA09-MLPR04","",""
"14","ApplicationComponent","SIA09-MLUT01","",""
"15","ApplicationComponent","SIA09-MLUT02","",""
"16","ApplicationComponent","SIA09-LRPR03","",""
"17","ApplicationComponent","SIA09-POCT03","",""
"18","ApplicationComponent","SIA09-RPDCMM","",""
"19","ApplicationComponent","SIA09-BXDV03","",""
"20","ApplicationComponent","A10-1","",""
"21","ApplicationComponent","A10-2","",""
"22","ApplicationComponent","Cisco SG300-28PP","",""
"23","ApplicationComponent","D6CFZN1S","",""
"24","ApplicationComponent","Dell PowerEdge R930","",""
"25","ApplicationComponent","Dell SCv2020 FC ","",""
"26","ApplicationComponent","Dell SCv2020 FC ","",""
"27","ApplicationComponent","DELL/EMC UNITY300 (DAE)","",""
"28","ApplicationComponent","DELL/EMC UNITY300 (DPE)","",""
"33","ApplicationComponent","EMC Unity 300 (DAE1_0)","",""
"34","ApplicationComponent","EMC Unity 300 (DPE)","",""
"35","ApplicationComponent","IEMC Unity 380 Storage  ","",""
"36","ApplicationComponent","IBM DCS3700","",""
"37","ApplicationComponent","IBM DCS3700","",""
"38","ApplicationComponent","IBM SAN 24B-5","",""
"39","ApplicationComponent","IBM SAN 24B-5","",""
"40","ApplicationComponent","IBM SAN 24B-5","",""
"41","ApplicationComponent","IBM SAN 24B-5","",""
"42","ApplicationComponent","IBM Storwise V7000","",""
"43","ApplicationComponent","IBM Storwise V7000","",""
"44","ApplicationComponent","IBM V5010 (DAE)","",""
"45","ApplicationComponent","IBM V5010 (DAE)","",""
"46","ApplicationComponent","KVM","",""
"47","ApplicationComponent","KVM","",""
"48","ApplicationComponent","KVM","",""
"49","ApplicationComponent","KVM","",""
"50","ApplicationComponent","KVM ","",""
"51","ApplicationComponent","Monitor","",""
"52","ApplicationComponent","Monitor Dell","",""
"53","ApplicationComponent","Monitor Dell","",""
"54","ApplicationComponent","Monitor Dell","",""
"55","ApplicationComponent","Monitor Dell KMMLED185","",""
"56","ApplicationComponent","Dell KVM  PowerEdge 180AS ","",""
"57","ApplicationComponent","Dell monitor  KVM 17FP","",""
"58","ApplicationComponent","KVM-1","",""
"59","ApplicationComponent","KVM-2","",""
"60","ApplicationComponent","KVM-B08","",""
"61","ApplicationComponent","LCD-B08","",""
"62","ApplicationComponent","Lenovo System x3550 M4","",""
"63","ApplicationComponent","Lenovo System x3550 M4","",""
"64","ApplicationComponent","Lenovo System x3550 M4","",""
"65","ApplicationComponent","Lenovo System x3550 M4","",""
"66","ApplicationComponent","NBU-StoreEverMSL3040","",""
"67","ApplicationComponent","NBU-StoreEverMSL3040 (exp)","",""
"68","ApplicationComponent","NBU-StoreEverMSL3040 (exp)","",""
"69","ApplicationComponent","NBU-StoreEverMSL3040 (exp)","",""
"70","ApplicationComponent","NBU-StoreOnce5200-01","",""
"71","ApplicationComponent","NBU-StoreOnce5200-01 (exp)","",""
"72","ApplicationComponent","NBU-StoreOnce5200-01 (exp)","",""
"73","ApplicationComponent","NBU-StoreOnce5200-01 (exp)","",""
"74","ApplicationComponent","NBU-StoreOnce5200-01 (exp)","",""
"75","ApplicationComponent","NBU-StoreOnce5200-02","",""
"76","ApplicationComponent","NBU-StoreOnce5200-02 (exp)","",""
"77","ApplicationComponent","NBU-StoreOnce5200-02 (exp)","",""
"78","ApplicationComponent","NBU-StoreOnce5200-02 (exp)","",""
"79","ApplicationComponent","NBU-StoreOnce5200-02 (exp)","",""
"80","ApplicationComponent","PACS_N5K1","",""
"81","ApplicationComponent","PACS_N5K2","",""
"82","ApplicationComponent","POPULAI","",""
"83","ApplicationComponent","RACK A08","",""
"84","ApplicationComponent","RACK A09","",""
"85","ApplicationComponent","RACK A10","",""
"86","ApplicationComponent","RACK B09","",""
"87","ApplicationComponent","SIA03-FDDV03","",""
"88","ApplicationComponent","SIA03-FDQA03","",""
"89","ApplicationComponent","SIA09-3PAR01","",""
"90","ApplicationComponent","SIA09-ADCS01","",""
"91","ApplicationComponent","SIA09-ADCS02","",""
"92","ApplicationComponent","SIA09-ADCS03","",""
"93","ApplicationComponent","SIA09-ADIS01","",""
"94","ApplicationComponent","SIA09-ADIS01_PrivateTest","",""
"95","ApplicationComponent","SIA09-ANES02","",""
"96","ApplicationComponent","SIA09-ANVS02","",""
"97","ApplicationComponent","SIA09-APUT01","",""
"98","ApplicationComponent","SIA09-APWS01","",""
"99","ApplicationComponent","SIA09-AXIF15","",""
"100","ApplicationComponent","SIA09-AXIF12","",""
"101","ApplicationComponent","SIA09-AXIF14","",""
"102","ApplicationComponent","SIA09-BBPR01","",""
"103","ApplicationComponent","SIA09-BBPR02","",""
"104","ApplicationComponent","SIA09-BBUT01","",""
"105","ApplicationComponent","SIA09-BBUT02","",""
"106","ApplicationComponent","SIA09-BCPR01","",""
"107","ApplicationComponent","SIA09-BIDV02","",""
"108","ApplicationComponent","SIA09-BIPR11","",""
"109","ApplicationComponent","SIA09-BIPR12","",""
"110","ApplicationComponent","SIA09-BIQA02","",""
"111","ApplicationComponent","SIA09-BIWD03","",""
"112","ApplicationComponent","SIA09-BMDB01","",""
"113","ApplicationComponent","SIA09-BMWS01","",""
"114","ApplicationComponent","SIA09-BMWS02","",""
"115","ApplicationComponent","SIA09-CCTV01","",""
"116","ApplicationComponent","SIA09-CMDB01","",""
"117","ApplicationComponent","SIA09-CPPR01","",""
"118","ApplicationComponent","SIA09-CXDB01","",""
"119","ApplicationComponent","SIA09-CXDB02","",""
"120","ApplicationComponent","SIA09-CXDB05","",""
"121","ApplicationComponent","SIA09-CXDB06","",""
"122","ApplicationComponent","SIA09-CXDB07","",""
"123","ApplicationComponent","SIA09-CXDB03","",""
"124","ApplicationComponent","SIA09-CZMM01","",""
"125","ApplicationComponent","SIA09-DBDV01","",""
"126","ApplicationComponent","SIA09-DBDV02","",""
"127","ApplicationComponent","SIA09-DBDV03","",""
"128","ApplicationComponent","SIA09-DBPR01","",""
"129","ApplicationComponent","SIA09-DBPR02","",""
"130","ApplicationComponent","SIA09-DBPRX3","",""
"131","ApplicationComponent","SIA09-DBSM01","",""
"132","ApplicationComponent","SIA09-DBUT02","",""
"133","ApplicationComponent","SIA09-DEFI01","",""
"134","ApplicationComponent","SIA09-DEFI02","",""
"135","ApplicationComponent","SIA09-DHCP01","",""
"136","ApplicationComponent","SIA09-DHCP02","",""
"137","ApplicationComponent","SIA09-DLDV01","",""
"138","ApplicationComponent","SIA09-DLPR01","",""
"139","ApplicationComponent","SIA09-DLPR02","",""
"140","ApplicationComponent","SIA09-DLUT01","",""
"141","ApplicationComponent","SIA09-DSPRX1","",""
"142","ApplicationComponent","SIA09-DSPRX2","",""
"143","ApplicationComponent","SIA09-EDAP01","",""
"144","ApplicationComponent","SIA09-EDAP02","",""
"145","ApplicationComponent","SIA09-EDDB01A","",""
"146","ApplicationComponent","SIA09-EDDB01B","",""
"147","ApplicationComponent","SIA09-EDDV01","",""
"148","ApplicationComponent","SIA09-EDDV02","",""
"149","ApplicationComponent","SIA09-EDDV03","",""
"150","ApplicationComponent","SIA09-EDELDV","",""
"151","ApplicationComponent","SIA09-EDELX1","",""
"152","ApplicationComponent","SIA09-EDELX3","",""
"153","ApplicationComponent","SIA09-EDIX01","",""
"154","ApplicationComponent","SIA09-EDMS01","",""
"155","ApplicationComponent","SIA09-EDOC01","",""
"156","ApplicationComponent","SIA09-EDOC03A","",""
"157","ApplicationComponent","SIA09-EDOC03B","",""
"158","ApplicationComponent","SIA09-EDOC04A","",""
"159","ApplicationComponent","SIA09-EDOC04B","",""
"160","ApplicationComponent","SIA09-EDOCX1","",""
"161","ApplicationComponent","SIA09-EDRM01","",""
"162","ApplicationComponent","SIA09-EDRM02","",""
"163","ApplicationComponent","SIA09-EDSS01","",""
"164","ApplicationComponent","SIA09-EDSSUT01","",""
"165","ApplicationComponent","SIA09-EDWN01","",""
"166","ApplicationComponent","SIA09-EDWS01","",""
"167","ApplicationComponent","SIA09-EDWS02","",""
"168","ApplicationComponent","SIA09-EDWS03","",""
"169","ApplicationComponent","SIA09-EHAP02","",""
"171","ApplicationComponent","SIA09-EKOAD2","",""
"172","ApplicationComponent","SIA09-EPYX01","",""
"173","ApplicationComponent","sia09-ESXA03","",""
"174","ApplicationComponent","sia09-ESXA02","",""
"175","ApplicationComponent","sia09-ESXA01","",""
"176","ApplicationComponent","SIA09-ESET11","",""
"177","ApplicationComponent","SIA09-ESET12","",""
"178","ApplicationComponent","SIA09-ESET13","",""
"179","ApplicationComponent","SIA09-ESET14","",""
"180","ApplicationComponent","SIA09-ESXA11","",""
"181","ApplicationComponent","SIA09-ESXA12","",""
"182","ApplicationComponent","SIA09-ESXA13","",""
"183","ApplicationComponent","SIA09-ESXA14","",""
"184","ApplicationComponent","SIA09-ESXA21","",""
"185","ApplicationComponent","SIA09-ESXA22","",""
"186","ApplicationComponent","SIA09-ESXB11","",""
"187","ApplicationComponent","SIA09-ESXB12","",""
"188","ApplicationComponent","SIA09-ESXB13","",""
"189","ApplicationComponent","SIA09-ESXB14","",""
"190","ApplicationComponent","SIA09-ESXC11","",""
"191","ApplicationComponent","SIA09-ESXC12","",""
"192","ApplicationComponent","SIA09-ESXC13","",""
"193","ApplicationComponent","SIA09-ESXC14","",""
"194","ApplicationComponent","SIA09-ESXC15","",""
"195","ApplicationComponent","SIA09-EYEX01","",""
"196","ApplicationComponent","SIA09-EYEXX3","",""
"197","ApplicationComponent","SIA09-FXFS01","",""
"198","ApplicationComponent","SIA09-FXIF01","",""
"199","ApplicationComponent","SIA09-FXIF03","",""
"200","ApplicationComponent","SIA09-FXPR10","",""
"201","ApplicationComponent","SIA09-FXPR16","",""
"202","ApplicationComponent","SIA09-FXPR17","",""
"203","ApplicationComponent","SIA09-FXPR18","",""
"204","ApplicationComponent","SIA09-FXPS01","",""
"205","ApplicationComponent","SIA09-FXUT02","",""
"206","ApplicationComponent","SIA09-FXUT03","",""
"207","ApplicationComponent","SIA09-FXUT04","",""
"208","ApplicationComponent","SIA09-FXUT05","",""
"209","ApplicationComponent","SIA09-FXUT08","",""
"210","ApplicationComponent","SIA09-FXUT17","",""
"211","ApplicationComponent","SIA09-FXUT18","",""
"212","ApplicationComponent","SIA09-GRPR01","",""
"213","ApplicationComponent","SIA09-HBCX01","",""
"214","ApplicationComponent","SIA09-ICDVX1","",""
"215","ApplicationComponent","SIA09-IMED01","",""
"216","ApplicationComponent","SIA09-IPGG01","",""
"217","ApplicationComponent","SIA09-IPGG02","",""
"218","ApplicationComponent","SIA09-IPGG03","",""
"219","ApplicationComponent","SIA09-ISDV01","",""
"220","ApplicationComponent","SIA09-ISME01","",""
"221","ApplicationComponent","SIA09-ISPR07","",""
"222","ApplicationComponent","SIA09-ISPR08","",""
"223","ApplicationComponent","SIA09-ISPR09","",""
"224","ApplicationComponent","SIA09-ISPR11","",""
"225","ApplicationComponent","SIA09-ISPR91","",""
"226","ApplicationComponent","SIA09-ISPR93","",""
"227","ApplicationComponent","SIA09-ISPR94","",""
"228","ApplicationComponent","SIA09-ISPR94_PrivateTest","",""
"229","ApplicationComponent","SIA09-ISPR95","",""
"230","ApplicationComponent","SIA09-ISPR95_PrivateTest","",""
"231","ApplicationComponent","SIA09-ISUT01","",""
"232","ApplicationComponent","SIA09-ISUT10","",""
"233","ApplicationComponent","SIA09-ISUT11","",""
"234","ApplicationComponent","SIA09-ITFS02","",""
"235","ApplicationComponent","SIA09-LDPR01","",""
"236","ApplicationComponent","SIA09-LNPR01","",""
"237","ApplicationComponent","SIA09-LNPR97","",""
"238","ApplicationComponent","SIA09-LSDB11","",""
"239","ApplicationComponent","SIA09-LSDB12","",""
"240","ApplicationComponent","SIA09-LSDV04","",""
"241","ApplicationComponent","SIA09-LSIF11","",""
"242","ApplicationComponent","SIA09-LSIF12","",""
"243","ApplicationComponent","SIA09-LSMW01","",""
"244","ApplicationComponent","SIA09-LSPR07","",""
"245","ApplicationComponent","SIA09-LSPR08","",""
"246","ApplicationComponent","SIA09-LSPR09","",""
"247","ApplicationComponent","SIA09-LSPR10","",""
"248","ApplicationComponent","SIA09-LSVC01","",""
"249","ApplicationComponent","SIA09-METC02","",""
"250","ApplicationComponent","SIA09-MMAD98","",""
"251","ApplicationComponent","SIA09-MMAD99","",""
"252","ApplicationComponent","SIA09-MMBA01","",""
"253","ApplicationComponent","SIA09-MMBA02","",""
"254","ApplicationComponent","SIA09-MMBA03","",""
"255","ApplicationComponent","SIA09-TKENX1","",""
"256","ApplicationComponent","SIA09-TKENX2","",""
"257","ApplicationComponent","SIA09-MMDM01","",""
"258","ApplicationComponent","SIA09-MMDM01_PrivateTest","",""
"259","ApplicationComponent","SIA09-MMDM02","",""
"260","ApplicationComponent","SIA09-MMDM03","",""
"261","ApplicationComponent","SIA09-MMDM111","",""
"262","ApplicationComponent","SIA09-MMDM112","",""
"263","ApplicationComponent","SIA09-MMDM113","",""
"264","ApplicationComponent","SIA09-MMDM121","",""
"265","ApplicationComponent","SIA09-MMDM122","",""
"266","ApplicationComponent","SIA09-MMDM123","",""
"267","ApplicationComponent","SIA09-MMDM211","",""
"268","ApplicationComponent","SIA09-MMDM212","",""
"269","ApplicationComponent","SIA09-MMDM221","",""
"270","ApplicationComponent","SIA09-MMDM222","",""
"271","ApplicationComponent","SIA09-MMDMWN","",""
"272","ApplicationComponent","SIA09-MMDMCT","",""
"273","ApplicationComponent","SIA09-MMDMDB","",""
"274","ApplicationComponent","SIA09-STDVX1","",""
"275","ApplicationComponent","SIA09-STDVX2","",""
"276","ApplicationComponent","SIA09-VTSGUT01","",""
"277","ApplicationComponent","SIA09-MMFS03","",""
"278","ApplicationComponent","SIA09-MMMT01","",""
"279","ApplicationComponent","SIA09-MMMT02","",""
"280","ApplicationComponent","SIA09-MMSU03","",""
"281","ApplicationComponent","SIA09-MTFSX1","",""
"282","ApplicationComponent","SIA09-MUDNS1","",""
"283","ApplicationComponent","SIA09-MUDNS2","",""
"284","ApplicationComponent","SIA09-NSSV01","",""
"285","ApplicationComponent","SIA09-NTPX01","",""
"286","ApplicationComponent","SIA09-NUTX01","",""
"287","ApplicationComponent","SIA09-NUTX02","",""
"288","ApplicationComponent","SIA09-NWRD01","",""
"289","ApplicationComponent","SIA09-NWRD02","",""
"290","ApplicationComponent","SIA09-OPASX1","",""
"291","ApplicationComponent","SIA09-OPASX2","",""
"292","ApplicationComponent","SIA09-OPASX3","",""
"293","ApplicationComponent","SIA09-OQPRX1","",""
"294","ApplicationComponent","SIA09-OQPRX2","",""
"295","ApplicationComponent","SIA09-OQPRX3","",""
"296","ApplicationComponent","SIA09-OQPRX4","",""
"297","ApplicationComponent","SIA09-OQPRX5","",""
"298","ApplicationComponent","SIA09-OQPRX6","",""
"299","ApplicationComponent","SIA09-OQPRX7","",""
"300","ApplicationComponent","SIA09-OQPRX8","",""
"301","ApplicationComponent","SIA09-OQPRX9","",""
"302","ApplicationComponent","SIA09-OQUTX1","",""
"303","ApplicationComponent","SIA09-OQUTX2","",""
"304","ApplicationComponent","SIA09-OQUTX3","",""
"305","ApplicationComponent","SIA09-OQUTX4","",""
"306","ApplicationComponent","SIA09-OQUTX5","",""
"307","ApplicationComponent","SIA09-OQUTX6","",""
"308","ApplicationComponent","SIA09-OQUTX7","",""
"309","ApplicationComponent","SIA09-OQUTX8","",""
"310","ApplicationComponent","SIA09-OQUTX9","",""
"311","ApplicationComponent","SIA09-PHDB01","",""
"312","ApplicationComponent","SIA09-PHDB02","",""
"313","ApplicationComponent","SIA09-PHWSX1","",""
"314","ApplicationComponent","SIA09-PHWS02","",""
"315","ApplicationComponent","SIA09-POCT02","",""
"316","ApplicationComponent","SIA09-PTUT01","",""
"317","ApplicationComponent","SIA09-QABS01","",""
"318","ApplicationComponent","SIA09-QABSDV01","",""
"319","ApplicationComponent","SIA09-RMIP01","",""
"320","ApplicationComponent","SIA09-ROPX01","",""
"321","ApplicationComponent","SIA09-ROPX02","",""
"322","ApplicationComponent","SIA09-RPPR01","",""
"323","ApplicationComponent","SIA09-RSEPX1","",""
"324","ApplicationComponent","SIA09-SCAP01","",""
"325","ApplicationComponent","SIA09-SICMSPR1","",""
"326","ApplicationComponent","SIA09-SICMSPR2","",""
"327","ApplicationComponent","SIA09-SICMSUT1","",""
"328","ApplicationComponent","SIA09-SICMSUT2","",""
"329","ApplicationComponent","SIA09-SIEL01","",""
"330","ApplicationComponent","SIA09-SIMM01","",""
"331","ApplicationComponent","SIA09-SIMM02","",""
"332","ApplicationComponent","SIA09-SIPX01","",""
"333","ApplicationComponent","SIA09-SIWS01","",""
"334","ApplicationComponent","SIA09-SIWS02","",""
"335","ApplicationComponent","SIA09-SIWS11","",""
"336","ApplicationComponent","SIA09-SIWS12","",""
"337","ApplicationComponent","sia09-SIWSDV01","",""
"338","ApplicationComponent","SIA09-SMFS01","",""
"339","ApplicationComponent","SIA09-SPIF05","",""
"340","ApplicationComponent","SIA09-SPIFX1","",""
"341","ApplicationComponent","SIA09-SPPS03","",""
"342","ApplicationComponent","SIA09-SPPS04","",""
"343","ApplicationComponent","SIA09-SRCA01","",""
"344","ApplicationComponent","SIA09-SRCA02","",""
"345","ApplicationComponent","SIA09-TBDV01","",""
"346","ApplicationComponent","SIA09-TBPR01","",""
"347","ApplicationComponent","SIA09-TBWK01","",""
"348","ApplicationComponent","SIA09-TBWK02","",""
"349","ApplicationComponent","SIA09-TEGM01","",""
"350","ApplicationComponent","SIA09-TMDSX1","",""
"351","ApplicationComponent","SIA09-TMDSX2","",""
"352","ApplicationComponent","SIA09-TMGS01","",""
"353","ApplicationComponent","SIA09-TMGS02","",""
"354","ApplicationComponent","SIA09-VCDC01","",""
"355","ApplicationComponent","SIA09-VCDR01","",""
"356","ApplicationComponent","SIA09-WIN2012","",""
"357","ApplicationComponent","SIA09-WNMM01","",""
"358","ApplicationComponent","SIB04-HBC01","",""
"359","ApplicationComponent","SIE03-FDFS03","",""
"360","ApplicationComponent","SIE03-FDPR03","",""
"361","ApplicationComponent","SP-3PAR8400-A08","",""
"362","ApplicationComponent","SP-3PAR8400-B09","",""
"363","ApplicationComponent","STG-SQL2005","",""
"368","ApplicationComponent","SW-SN6000B-BOT","",""
"369","ApplicationComponent","SW-SN6000B-TOP","",""
"370","ApplicationComponent","SW-UNITY300-B","",""
"371","ApplicationComponent","SW-UNITY300-T","",""
"372","ApplicationComponent","VM-3PAR8400-A08","",""
"373","ApplicationComponent","VM-3PAR8400-A08 (exp)","",""
"374","ApplicationComponent","VM-3PAR8400-A08 (exp)","",""
"375","ApplicationComponent","VM-3PAR8400-A08 (exp)","",""
"376","ApplicationComponent","VM-3PAR8400-A08 (exp)","",""
"377","ApplicationComponent","VM-3PAR8400-A08 (exp)","",""
"378","ApplicationComponent","VM-3PAR8400-A08 (exp)","",""
"379","ApplicationComponent","VM-3PAR8400-B09","",""
"380","ApplicationComponent","VM-3PAR8400-B09 (exp)","",""
"381","ApplicationComponent","VM-3PAR8400-B09 (exp)","",""
"382","ApplicationComponent","VM-3PAR8400-B09 (exp)","",""
"383","ApplicationComponent","VM-3PAR8400-B09 (exp)","",""
"384","ApplicationComponent","VM-3PAR8400-B09 (exp)","",""
"385","ApplicationComponent","VM-3PAR8400-B09 (exp)","",""
"386","ApplicationComponent","VNX5200","",""
"387","ApplicationComponent","VNX5200","",""
"393","ApplicationComponent","SIA09-DPES01","",""
"394","ApplicationComponent","SIA09-DPES02","",""
"395","ApplicationComponent","DP-SCV3020","",""
"396","ApplicationComponent","Dell DAV2108","",""
"397","ApplicationComponent","Dell KMM LED185","",""
"398","ApplicationComponent","SIA09-VDVC01","",""
"399","ApplicationComponent","SIA09-VDWN01","",""
"400","ApplicationComponent","SIA09-VDES01","",""
"401","ApplicationComponent","SIA09-VDES02","",""
"402","ApplicationComponent","SIA09-EDOC11","",""
"403","ApplicationComponent","SIA09-EDOC12","",""
"404","ApplicationComponent","SIA09-EDOC13","",""
"405","ApplicationComponent","SIA09-EDOC11-UT","",""
"406","ApplicationComponent","SIA09-EDOC12-UT","",""
"407","ApplicationComponent","SIA09-EDOC13-UT","",""
"408","ApplicationComponent","SIA09-ESPR11","",""
"409","ApplicationComponent","SIA09-ESPR12","",""
"410","ApplicationComponent","SIA09-ESPR13","",""
"411","ApplicationComponent","SIA09-ESPR14","",""
"412","ApplicationComponent","SIA09-BXPR11","",""
"413","ApplicationComponent","SIA09-BXPR12","",""
"414","ApplicationComponent","SW-DS6620B-TOP","",""
"415","ApplicationComponent","SW-DS6620B-BOT","",""
"416","ApplicationComponent","VM-UNITY380","",""
"417","ApplicationComponent","SIA09-APUT02","",""
"418","ApplicationComponent","SIA09-APWS02","",""
"419","ApplicationComponent","SIA09-AXIFX1","",""
"420","ApplicationComponent","SIA09-DBDV04","",""
"421","ApplicationComponent","SIA09-DBPR04","",""
"422","ApplicationComponent","SIA09-DBUT04","",""
"423","ApplicationComponent","SIA09-HIEX01","",""
"424","ApplicationComponent","SIA09-CCCCX1","",""
"425","ApplicationComponent","SIA09-ITCCX3","",""
"426","ApplicationComponent","SIA09-VTSG01","",""
"427","ApplicationComponent","SIA09-ELIT01","",""
"428","ApplicationComponent","SIA09-ELIT02","",""
"429","ApplicationComponent","SIA09-DEFI01","",""
"430","ApplicationComponent","SIA09-DEFI02","",""
"431","ApplicationComponent","SIA09-QDRV01","",""
"432","ApplicationComponent","SIA09-EDOC10","",""
"433","ApplicationComponent","SIA09-EDOC10-UT","",""
"434","ApplicationComponent","SIA09-TBWS02","",""
"435","ApplicationComponent","SIA09-RPDC01","",""
"436","ApplicationComponent","SIA09-RPDC02","",""
"437","ApplicationComponent","SIA09-RPDC03","",""
"438","ApplicationComponent","SIA09-RPDC04","",""
"439","ApplicationComponent","SIA09-AXIF06","",""
"440","ApplicationComponent","rp.STG-SQL2005.copy.shadow","",""
"441","ApplicationComponent","rp.SIA09-TMDSX2.copy.1.shadow","",""
"442","ApplicationComponent","rp.SIA09-TMDSX1.copy.shadow","",""
"443","ApplicationComponent","rp.SIA09-SIWS11.copy.shadow","",""
"444","ApplicationComponent","rp.SIA09-SIWS02.copy.1.shadow","",""
"445","ApplicationComponent","rp.SIA09-SIWS01.copy.1.shadow","",""
"446","ApplicationComponent","rp.SIA09-PHWS02.copy.shadow","",""
"447","ApplicationComponent","rp.SIA09-PHWS01.copy.1.shadow","",""
"448","ApplicationComponent","rp.SIA09-PHDB02.copy.1.shadow","",""
"449","ApplicationComponent","rp.SIA09-PHDB01.copy.shadow","",""
"450","ApplicationComponent","rp.SIA09-OPASX5.copy.1.shadow","",""
"451","ApplicationComponent","rp.SIA09-OPASX4.copy.1.shadow","",""
"452","ApplicationComponent","rp.SIA09-OPASX3.copy.1.shadow","",""
"453","ApplicationComponent","rp.SIA09-OPASX2.copy.1.shadow","",""
"454","ApplicationComponent","rp.SIA09-OPASX1.copy.shadow","",""
"455","ApplicationComponent","rp.SIA09-MRWS01.copy.1.shadow","",""
"456","ApplicationComponent","rp.SIA09-MNEP01.copy.shadow","",""
"457","ApplicationComponent","rp.SIA09-MMDM21.copy.shadow","",""
"458","ApplicationComponent","rp.SIA09-MMDM11.copy.shadow","",""
"459","ApplicationComponent","rp.SIA09-MMDM02.copy.1.shadow","",""
"460","ApplicationComponent","rp.SIA09-MMDM01.copy.shadow","",""
"461","ApplicationComponent","rp.SIA09-MMAD99.copy.shadow","",""
"462","ApplicationComponent","rp.SIA09-MMAD98.copy.1.shadow","",""
"463","ApplicationComponent","rp.SIA09-LSPR10.copy.1.shadow","",""
"464","ApplicationComponent","rp.SIA09-LSPR09.copy.1.shadow","",""
"465","ApplicationComponent","rp.SIA09-LSPR08.copy.shadow","",""
"466","ApplicationComponent","rp.SIA09-LSPR07.copy.1.shadow","",""
"467","ApplicationComponent","rp.SIA09-LSMW01.copy.1.shadow","",""
"468","ApplicationComponent","rp.SIA09-LSIF13.copy.shadow","",""
"469","ApplicationComponent","rp.SIA09-LSIF12.copy.1.shadow","",""
"470","ApplicationComponent","rp.SIA09-LSIF11.copy.shadow","",""
"471","ApplicationComponent","rp.SIA09-LSDB12.copy.1.shadow","",""
"472","ApplicationComponent","rp.SIA09-LSDB11.copy.shadow","",""
"473","ApplicationComponent","rp.SIA09-LSAP01.copy.1.shadow","",""
"474","ApplicationComponent","rp.SIA09-LNPR97.copy.shadow","",""
"475","ApplicationComponent","rp.SIA09-FXPR17.copy.1.shadow","",""
"476","ApplicationComponent","rp.SIA09-FSDBX1.copy.shadow","",""
"477","ApplicationComponent","rp.SIA09-EDOCX1.copy.shadow","",""
"478","ApplicationComponent","rp.SIA09-EDOC01.copy.shadow","",""
"479","ApplicationComponent","rp.SIA09-DHCP02.copy.shadow","",""
"480","ApplicationComponent","rp.SIA09-DHCP01.copy.shadow","",""
"481","ApplicationComponent","rp.SIA09-DBPR02SIA09-DBPR02copy.shadow","",""
"482","ApplicationComponent","rp.SIA09-CXDBX7.copy.shadow","",""
"483","ApplicationComponent","rp.SIA09-CXDBX5.copy.shadow","",""
"484","ApplicationComponent","rp.SIA09-AXIFX4.copy.1.shadow","",""
"485","ApplicationComponent","rp.SIA09-AXIFX2.copy.1.shadow","",""
"486","ApplicationComponent","rp.SIA09-AXIFX1.copy.shadow","",""
"487","ApplicationComponent","rp.SIA09-AXIF05.copy.shadow","",""
"488","ApplicationComponent","rp.SIA09-APWS02.copy.shadow","",""
"489","ApplicationComponent","SIA09-RPDRMM","",""
"490","ApplicationComponent","SIA09-RPDR04","",""
"491","ApplicationComponent","SIA09-RPDR03","",""
"492","ApplicationComponent","SIA09-RPDR02","",""
"493","ApplicationComponent","SIA09-RPDR05","",""
"494","ApplicationComponent","SIA09-EDOC04C","",""
"495","ApplicationComponent","SIA09-EDOC03C","",""
"496","ApplicationComponent","SIA09-CNPR01","",""
"497","ApplicationComponent","SIA09-CNUT01","",""
"498","ApplicationComponent","SIA09-OSAP01","",""
"499","ApplicationComponent","SIA09-OSAPUT01","",""
"500","ApplicationComponent","SIA09-CMPR11","",""
"501","ApplicationComponent","SIA09-CMPR12","",""
"502","ApplicationComponent","SIA09-CMPR13","",""
"503","ApplicationComponent","SIA09-EDPR01","",""
"504","ApplicationComponent","SIA09-EYEXX2","",""
"505","ApplicationComponent","SIA09-FSDB01","",""
"506","ApplicationComponent","SIA09-FSDBUT","",""
"507","ApplicationComponent","SIA09-ISEOMDX1","",""
"508","ApplicationComponent","SIA09-ISPR02","",""
"509","ApplicationComponent","SIA09-ISUT02","",""
"510","ApplicationComponent","SIA09-ISUT03","",""
"511","ApplicationComponent","SIA09-LNUT02","",""
"512","ApplicationComponent","SIA09-LSAP01","",""
"513","ApplicationComponent","SIA09-LSAP02","",""
"514","ApplicationComponent","SIA09-LSAP03","",""
"515","ApplicationComponent","SIA09-LSDBUT11","",""
"516","ApplicationComponent","SIA09-LSDV02","",""
"517","ApplicationComponent","SIA09-LSIF13","",""
"518","ApplicationComponent","SIA09-LSUT91","",""
"519","ApplicationComponent","SIA09-MMACX1","",""
"520","ApplicationComponent","SIA09-MNEPX1","",""
"521","ApplicationComponent","SIA09-MNEPX2","",""
"522","ApplicationComponent","SIA09-SICMSPR3","",""
"523","ApplicationComponent","SIA09-SICMSUT3","",""
"524","ApplicationComponent","SIA09-SPIFX3","",""
"525","ApplicationComponent","SIA09-TDOCX1","",""
"526","ApplicationComponent","SIA09-TDOCX2","",""
"527","ApplicationComponent","SIA09-CMES01","",""
"528","ApplicationComponent","SIA09-CMES02","",""
"529","ApplicationComponent","SIA09-CMN801","",""
"530","ApplicationComponent","SIA09-CMN802","",""
"531","ApplicationComponent","SIA09-CMN901","",""
"532","ApplicationComponent","SIA09-CMN902","",""
"533","ApplicationComponent","SIA09-STDVX1","",""
"534","ApplicationComponent","SIA09-STDVX2","",""
"535","ApplicationComponent","SIA09-APUT03","",""
"536","ApplicationComponent","SIA09-APWS03","",""
"537","ApplicationComponent","SIA09-DBPR05","",""
"538","ApplicationComponent","SIA09-CNPR02","",""
"539","ApplicationComponent","SIA09-CNPR03","",""
"540","ApplicationComponent","SIA09-CNUT02","",""
"541","ApplicationComponent","SIA09-CNUT03","",""
"542","ApplicationComponent","SIA09-DMDV01","",""
"543","ApplicationComponent","SIA09-DMUT01","",""
"544","ApplicationComponent","SIA09-DMUT02","",""
"545","ApplicationComponent","SIA09-EDDV06","",""
"546","ApplicationComponent","SIA09-EDEL02","",""
"547","ApplicationComponent","SIA09-EDELX3DB","",""
"548","ApplicationComponent","SIA09-EDELX4","",""
"549","ApplicationComponent","SIA09-HIEX02","",""
"550","ApplicationComponent","SIA09-ISUT06","",""
"551","ApplicationComponent","SIA09-NSSVX1","",""
"552","ApplicationComponent","SIA09-EDEL11","",""
"553","ApplicationComponent","SIA09-EDEL12","",""
"554","ApplicationComponent","SIA09-EDEL21","",""
"555","ApplicationComponent","SIA09-EDEL22","",""
"556","ApplicationComponent","SIA09-EDEL23","",""
"557","ApplicationComponent","SIA09-EDEL31","",""
"558","ApplicationComponent","SIA09-EDEL32","",""
"559","ApplicationComponent","SIA09-EDEL33","",""
"560","ApplicationComponent","SIA09-EDEL41","",""
"561","ApplicationComponent","SIA09-EDEL42","",""
"562","ApplicationComponent","SIA09-EDEL43","",""
"563","ApplicationComponent","SIA09-HICI01","",""
"564","ApplicationComponent","SIA09-GLDV01","",""
"565","ApplicationComponent","smer-db-neo4j-01.si","",""
"566","ApplicationComponent","smer-db-mssql-01.si","",""
"567","ApplicationComponent","smer-monitor-kibana-01.si","",""
"568","ApplicationComponent","smer-db-elasticsearch-01.si","",""
"569","ApplicationComponent","smer-db-kafka-01","",""
"570","ApplicationComponent","smer-uat-db-neo4j-01.si","",""
"571","ApplicationComponent","smer-uat-db-mssql-01.si","",""
"572","ApplicationComponent","smer-uat-db-kafka-01.si","",""
"573","ApplicationComponent","smer-uat-db-elasticsearch-01.si","",""
"574","ApplicationComponent","smer-uat-monitor-kibana-01.si","",""
"575","ApplicationComponent","SIA09-STPRX1","",""
"576","ApplicationComponent","SIA09-STPRX2","",""
"577","ApplicationComponent","SIA09-FXMM01","",""
"578","ApplicationComponent","SIA09-CIDV01","",""
"579","ApplicationComponent","SIA09-RGDV01","",""
"580","ApplicationComponent","SIA09-GLPR01","",""
"581","ApplicationComponent","SIA09-VDRDP1","",""
"582","ApplicationComponent","SIA09-VDRDP2","",""
"583","ApplicationComponent","SIA09-ISPR14","",""
"584","ApplicationComponent","SIA09-RGPR01","",""
"585","ApplicationComponent","SIA09-SIWS21","",""
"586","ApplicationComponent","SIA09-SIWS31","",""
"587","ApplicationComponent","SIA09-SIWS32","",""
"588","ApplicationComponent","SIA09-HIEX11","",""
"589","ApplicationComponent","SIA09-DBUTX3","",""
"590","ApplicationComponent","SIA09-SIWS41","",""
"591","ApplicationComponent","SIA09-SIWS42","",""
"592","ApplicationComponent","SIA09-ICPR01","",""
"593","ApplicationComponent","SIA09-CIPR01","",""
"594","ApplicationComponent","SIA09-DLCT01A","",""
"595","ApplicationComponent","SIA09-DLPRX01","",""
"596","ApplicationComponent","SIA09-DLPRX02","",""
"597","ApplicationComponent","SIA09-DLPRX03","",""
"598","ApplicationComponent","SIA09-DLPRX04","",""
"599","ApplicationComponent","SIA09-DLPRX05","",""
"600","ApplicationComponent","SIA09-DLPRX06","",""
"601","ApplicationComponent","SIA09-DLPRX07","",""
"602","ApplicationComponent","SIA09-DLPRX08","",""
"603","ApplicationComponent","SIA09-DLPRX09","",""
"604","ApplicationComponent","SIA09-DLPRX10","",""
"605","ApplicationComponent","SIA09-DLPRX11","",""
"606","ApplicationComponent","SIA09-DLPRX12","",""
"607","ApplicationComponent","sia09-esxd11.si","",""
"608","ApplicationComponent","sia09-esxd12.si","",""
"609","ApplicationComponent","sia09-esxd13.si","",""
"610","ApplicationComponent","sia09-esxd14.si","",""
"611","ApplicationComponent","sia09-esxd15.si","",""
"612","ApplicationComponent","sia09-esxd16.si","",""
"613","ApplicationComponent","sia09-esxd17.si","",""
"614","ApplicationComponent","sia09-esxd18.si","",""
"615","ApplicationComponent","sia09-esxe11.si","",""
"616","ApplicationComponent","sia09-esxe12.si","",""
"617","ApplicationComponent","sia09-esxe13.si","",""
"618","ApplicationComponent","sia09-esxe14.si","",""
"619","ApplicationComponent","sia09-esxf11.si","",""
"620","ApplicationComponent","sia09-esxf12.si","",""
"621","ApplicationComponent","sia09-esxf13.si","",""
"622","ApplicationComponent","sia09-esxf14.si","",""
"623","ApplicationComponent","SIA09-METC21","",""
"624","ApplicationComponent","SIA09-SPRT01","",""
"625","ApplicationComponent","SIA09-RMUT01","",""
"626","ApplicationComponent","SIA09-SIRAUT1","",""
"627","ApplicationComponent","SIA09-SIRAUT2","",""
"628","ApplicationComponent","SIA09-SIRAUT3","",""
"629","ApplicationComponent","SIA09-SIRAPR1","",""
"630","ApplicationComponent","SIA09-SIRAPR2","",""
"631","ApplicationComponent","SIA09-SIRAPR3","",""
"632","ApplicationComponent","SIA09-ANVS01","",""
"633","ApplicationComponent","SIA09-ISPRX12","",""
"634","ApplicationComponent","SIA09-VMUT01","",""
"635","ApplicationComponent","SIA09-VMUT02","",""
"636","ApplicationComponent","SIA09-VMPR01","",""
"637","ApplicationComponent","SIA09-VMPR02","",""
"638","ApplicationComponent","SIA09-VMPR11","",""
"639","ApplicationComponent","SIA09-VMPR12","",""
"640","ApplicationComponent","SIA09-VMPR21","",""
"641","ApplicationComponent","SIA09-CMXX01","",""
"642","ApplicationComponent","SIA09-CMXX02","",""
"643","ApplicationComponent","DATA DOMAIN EXPANSION","",""
"644","ApplicationComponent","SIA09-VTLX01","",""
"645","ApplicationComponent","SIA09-ICPR02","",""
"646","ApplicationComponent","SIA09-LRPR04","",""
"647","ApplicationComponent","ubuntu_guest","",""
"648","ApplicationComponent","SIA09-DMPR01","",""
"649","ApplicationComponent","SIA09-DMPR02","",""
"650","ApplicationComponent","SIA09-DMPR03","",""
"651","ApplicationComponent","SIA09-DMPR04","",""
"652","ApplicationComponent","SIA09-DMPR05","",""
"653","ApplicationComponent","SIA09-DSCG01","",""
"654","ApplicationComponent","SIA09-EDMS11","",""
"655","ApplicationComponent","SIA09-EDMS12","",""
"656","ApplicationComponent","SIA09-ESET15","",""
"657","ApplicationComponent","SIA09-FXBT01","",""
"658","ApplicationComponent","SIA09-FXTRX1","",""
"659","ApplicationComponent","SIA09-FXTRX2","",""
"660","ApplicationComponent","SIA09-FXTRX3","",""
"661","ApplicationComponent","SIA09-IRPR01","",""
"662","ApplicationComponent","SIA09-IRPR02","",""
"663","ApplicationComponent","SIA09-IRUT01","",""
"664","ApplicationComponent","SIA09-ISPR20","",""
"665","ApplicationComponent","SIA09-ISPR21","",""
"666","ApplicationComponent","SIA09-ISPR22","",""
"667","ApplicationComponent","SIA09-ISPR23","",""
"668","ApplicationComponent","SIA09-ISPR24","",""
"669","ApplicationComponent","SIA09-LRPR05","",""
"670","ApplicationComponent","SIA09-LRPR06","",""
"671","ApplicationComponent","SIA09-LRPRX2","",""
"672","ApplicationComponent","SIA09-LSMW02","",""
"673","ApplicationComponent","SIA09-LSMW12","",""
"674","ApplicationComponent","SIA09-MLPR05","",""
"675","ApplicationComponent","SIA09-MMDVX1","",""
"676","ApplicationComponent","SIA09-MMUPS1","",""
"677","ApplicationComponent","SIA09-PALO01","",""
"678","ApplicationComponent","SIA09-SIRP01","",""
"679","ApplicationComponent","SIA09-SIRP02","",""
"680","ApplicationComponent","SIA09-SRCAX1","",""
"681","ApplicationComponent","SIA09-ESET15","",""
"682","ApplicationComponent","SIA09-LRPR05","",""
"683","ApplicationComponent","SIA09-LRPR06","",""
"684","ApplicationComponent","SIA09-LRPRX2","",""
"685","ApplicationComponent","SIA09-MLPR05","",""
"686","ApplicationComponent","SIA09-QDRVUT01","",""
"687","ApplicationComponent","SIA09-SIRP31","",""
"688","ApplicationComponent","SIA09-SIRP32","",""
"689","ApplicationComponent","SIA09-ICPR03","",""
"690","ApplicationComponent","SIA09-LSMWX1","",""
"691","ApplicationComponent","SIA09-LSVK01","",""
"692","ApplicationComponent","SIA09-AVCLX1","",""
"693","ApplicationComponent","SIA09-AVCLX2","",""
"694","ApplicationComponent","SIA09-AVCLX3","",""
"695","ApplicationComponent","SIA09-AVCLX4","",""
"696","ApplicationComponent","SIA09-LSIF14","",""
"697","ApplicationComponent","SIA09-SCAPX2DV","",""
"698","ApplicationComponent","SIA09-MMBX01","",""
"699","ApplicationComponent","SIA09-MMBX02","",""
"700","ApplicationComponent","SIA09-MMBX10","",""
"701","ApplicationComponent","SIA09-MMBX11","",""
"702","ApplicationComponent","SIA09-MMBX12","",""
"703","ApplicationComponent","SIA09-MMBX13","",""
"704","ApplicationComponent","SIA09-MMBX14","",""
"705","ApplicationComponent","SIA09-MMBX04","",""
"706","ApplicationComponent","SIA09-MMBX05","",""
"707","ApplicationComponent","SIA09-MMBX03","",""
"708","ApplicationComponent","SIA09-MMBX20","",""
"709","ApplicationComponent","SIA09-MMBX21","",""
"710","ApplicationComponent","SIA09-MMBX22","",""
"711","ApplicationComponent","SIA09-MMBX15","",""
"712","ApplicationComponent","SIA09-LSIF15","",""
"713","ApplicationComponent","SIA09-QABSX1","",""
"","ApplicationComponent","","",""
"715","ApplicationComponent","SIA09-OSDBUT01","",""
"716","ApplicationComponent","SIA09-OSDB01","",""
"717","ApplicationComponent","SIA09-CIPR02","",""
"718","ApplicationComponent","SIA09-DLMMX2","",""
"719","ApplicationComponent","SIA09-DORM01","",""
"720","ApplicationComponent","SIA09-ESET21","",""
"721","ApplicationComponent","SIA09-ETPR02","",""
"722","ApplicationComponent","SIA09-FXRPT05","",""
"723","ApplicationComponent","SIA09-FXAPX1","",""
"724","ApplicationComponent","SIA09-FXAPX2","",""
"725","ApplicationComponent","SIA09-FXAPX3","",""
"726","ApplicationComponent","SIA09-FXAPX4","",""
"727","ApplicationComponent","SIA09-FXAPX5","",""
"728","ApplicationComponent","SIA09-FXAPX6","",""
"729","ApplicationComponent","SIA09-FXDB11","",""
"730","ApplicationComponent","SIA09-FXDB12","",""
"731","ApplicationComponent","SIA09-FXDB13","",""
"732","ApplicationComponent","SIA09-FXDB14","",""
"733","ApplicationComponent","SIA09-FXPPX1","",""
"734","ApplicationComponent","SIA09-FXRPX1","",""
"735","ApplicationComponent","SIA09-FXRPX2","",""
"736","ApplicationComponent","SIA09-FXRPX3","",""
"737","ApplicationComponent","SIA09-FXRPX4","",""
"738","ApplicationComponent","SIA09-FXRPX5","",""
"739","ApplicationComponent","SIA09-FXRPX6","",""
"740","ApplicationComponent","SIA09-FXRPX7","",""
"741","ApplicationComponent","SIA09-FXRPX8","",""
"742","ApplicationComponent","SIA09-FXUTX1","",""
"743","ApplicationComponent","SIA09-ISPR19","",""
"744","ApplicationComponent","SIA09-ISPR25","",""
"745","ApplicationComponent","SIA09-ISPR96","",""
"746","ApplicationComponent","SIA09-ISPR97","",""
"747","ApplicationComponent","SIA09-ISPR98","",""
"748","ApplicationComponent","SIA09-ISUT07","",""
"749","ApplicationComponent","SIA09-ISUTX12","",""
"750","ApplicationComponent","SIA09-LKPR01","",""
"751","ApplicationComponent","SIA09-LKPR11","",""
"752","ApplicationComponent","SIA09-LKPR21","",""
"753","ApplicationComponent","SIA09-LKPR22","",""
"754","ApplicationComponent","SIA09-MMBX09","",""
"755","ApplicationComponent","SIA09-MMMT03","",""
"756","ApplicationComponent","SIA09-MMMT04","",""
"757","ApplicationComponent","SIA09-OTHAI1","",""
"758","ApplicationComponent","SIA09-PHDBX1","",""
"759","ApplicationComponent","SIA09-PTPR01","",""
"760","ApplicationComponent","SIA09-PTPR02","",""
"761","ApplicationComponent","SIA09-SIRP11","",""
"762","ApplicationComponent","SIA09-SIRP12","",""
"763","ApplicationComponent","SIA09-SIRP21","",""
"764","ApplicationComponent","SIA09-SIRP22","",""
"765","ApplicationComponent","SIA09-SIRU01","",""
"766","ApplicationComponent","SIA09-SIRU11","",""
"767","ApplicationComponent","SIA09-SIRU21","",""
"768","ApplicationComponent","SIA09-SIRU31","",""
"769","ApplicationComponent","SIA09-TBPR03","",""
"770","ApplicationComponent","SIA09-TDOC01","",""
"771","ApplicationComponent","SIA09-TDOC02","",""
"772","ApplicationComponent","SIA09-TDOCUT01","",""
"773","ApplicationComponent","SIA09-TMDSX3","",""
"774","ApplicationComponent","SIA09-VCDC01-Passive","",""
"775","ApplicationComponent","SIA09-VCDC01-Witness","",""
"776","ApplicationComponent","SIA09-SCDBUT01A","",""
"777","ApplicationComponent","SIA09-SCDBUT01B","",""
"778","ApplicationComponent","SIA09-SCWNUT01","",""
"779","ApplicationComponent","SIA09-ETPRX1","",""
"780","ApplicationComponent","SIA09-ETDVX1","",""
"781","ApplicationComponent","SIA09-MRWSX1","",""
"782","ApplicationComponent","SIA09-S4DPDQ01","",""
"783","ApplicationComponent","SIA09-S4CCDQ01","",""
"784","ApplicationComponent","SIA09-S4TLDQ01","",""
"785","ApplicationComponent","SIA09-S4SCDQ01","",""
"786","ApplicationComponent","SIA09-S4SFDQ01","",""
"787","ApplicationComponent","SIA09-S4PSPR01","",""
"788","ApplicationComponent","SIA09-S4SCPR01","",""
"789","ApplicationComponent","SIA09-S4SFPR01","",""
"790","ApplicationComponent","SIA09-S4DPPR01","",""
"791","ApplicationComponent","SIA09-S4CCPR01","",""
"792","ApplicationComponent","SIA09-S4CCPR02","",""
"793","ApplicationComponent","SIA09-S4TLPR01","",""
"794","ApplicationComponent","sia09-scsmut01","",""
"795","ApplicationComponent","sia09-scsmpr01","",""
"796","ApplicationComponent","SIA09-SCRPUT01","",""
"797","ApplicationComponent","SIA09-SCRPPR01","",""
"798","ApplicationComponent","SIA09-SCRPPR02","",""
"799","ApplicationComponent","SIA09-ZBMM01","",""
"800","ApplicationComponent","SIA09-ESXG11","",""
"801","ApplicationComponent","SIA09-ESXG12","",""
"802","ApplicationComponent","SIA09-ESXG13","",""
"803","ApplicationComponent","SIA09-ESXG14","",""
"804","ApplicationComponent","DR-VM-NEW-UNITY380","",""
"805","ApplicationComponent","DR-VM-NEW-UNITY380(EXP)","",""
"806","ApplicationComponent","VM-PowerStore1200T","",""
"807","ApplicationComponent","VM-PowerStore1200T(EXP)","",""
"808","ApplicationComponent","VM-PowerVaultME5012","",""
"809","ApplicationComponent","VM-PowerVaultME5012(EXP)","",""
"810","ApplicationComponent","VM-PowerVaultME5012(EXP)","",""
"811","ApplicationComponent","VM-PowerVaultME5024","",""
"812","ApplicationComponent","VM-PowerVaultME5024(EXP)","",""
"813","ApplicationComponent","VM-PowerVaultME5024(EXP)","",""
"814","ApplicationComponent","VM-PowerVaultME5024(EXP)","",""
"815","ApplicationComponent"," SW-NEW-DS6620B-TOP","",""
"816","ApplicationComponent","SW-NEW-DS6620B-BOT","",""
"817","ApplicationComponent","SIA09-LSMM01","",""
"818","ApplicationComponent","SIA09-SCDBPR01A","",""
"819","ApplicationComponent","SIA09-SCDBPR01B","",""
"820","ApplicationComponent","SIA09-SCWNPR01","",""
"821","ApplicationComponent","SIA09-NXPR01","",""
"822","ApplicationComponent","SIA09-NXUT01","",""
"823","ApplicationComponent","SIA09-ICCAUT01","",""
"824","ApplicationComponent","SIA09-ICCAUT02","",""
"825","ApplicationComponent","SIA09-ICCAUT03","",""
"826","ApplicationComponent","SIA09-ICCAPR01","",""
"827","ApplicationComponent","SIA09-ICCAPR02","",""
"828","ApplicationComponent","SIA09-ICCAPR03","",""
"829","ApplicationComponent","SIA09-ICCAPR04","",""
"830","ApplicationComponent","SIA09-ICCAPR05","",""
"831","ApplicationComponent","SIA09-ICCAPR06","",""
"832","ApplicationComponent","SIA09-LSMWUT1","",""
"833","ApplicationComponent","SIA09-BNPR01","",""
"834","ApplicationComponent","SIA09-BNPR02","",""
"835","ApplicationComponent","SIA09-BNUT01","",""
"836","ApplicationComponent","SIA09-BNUT02","",""
"837","ApplicationComponent","SIA09-DBUTX2","",""
"838","ApplicationComponent","SIA09-DLCT01B","",""
"839","ApplicationComponent","SIA09-FTXA01","",""
"840","ApplicationComponent","SIA09-FTXM01","",""
"841","ApplicationComponent","SIA09-GPMM01","",""
"842","ApplicationComponent","SIA09-GPU-CL01","",""
"843","ApplicationComponent","SIA09-GPU-CL02","",""
"844","ApplicationComponent","SIA09-GPU-CL03","",""
"845","ApplicationComponent","SIA09-ISUT09","",""
"846","ApplicationComponent","SIA09-ISUT88","",""
"847","ApplicationComponent","SIA09-LSDBUT14","",""
"848","ApplicationComponent","SIA09-LSDV03","",""
"849","ApplicationComponent","SIA09-NASX01","",""
"850","ApplicationComponent","SIA09-SFTPDV01","",""
"851","ApplicationComponent","SIA09-SIWSDV02","",""
"852","ApplicationComponent","SIA09-SIWSX1","",""
"853","ApplicationComponent","SIA09-SIWSX2","",""
"854","ApplicationComponent","SIA09-VCDC02","",""
"855","ApplicationComponent","SIA09-APUTX1","",""
"856","ApplicationComponent","SIA09-FHSI01","",""
"857","ApplicationComponent","SIA09-FHPH01","",""
"858","ApplicationComponent","SIA09-FHGJ01","",""
"859","ApplicationComponent","SIA09-LSDV05","",""
"860","ApplicationComponent","SWR-FL7-CX10-1","",""
"861","ApplicationComponent","SWR-FL7-CX10-2","",""
"862","ApplicationComponent","SWR-FL7-CX9300-1","",""
"863","ApplicationComponent","SWR-FL7-CX9300-2","",""
"864","ApplicationComponent","SWR-FL7-CX6100","",""
"865","ApplicationComponent","DCPOWERSTORE","",""
"866","ApplicationComponent","DCESXI3","",""
"867","ApplicationComponent","DCESXI2","",""
"868","ApplicationComponent","DCESXI1","",""
"869","ApplicationComponent","DC-Node3 ","",""
"870","ApplicationComponent","DC-Node2","",""
"871","ApplicationComponent","DC-Node1","",""
"872","ApplicationComponent","FE Hare","",""
"873","ApplicationComponent","FE Rabbit","",""
"874","ApplicationComponent","BE Hare","",""
"875","ApplicationComponent","BE Rabbit","",""
"876","ApplicationComponent","Hare","",""
"877","ApplicationComponent","Rabbit","",""
"878","ApplicationComponent","DCECS5","",""
"879","ApplicationComponent","DCECS4","",""
"880","ApplicationComponent","DCECS3","",""
"881","ApplicationComponent","DCECS2","",""
"882","ApplicationComponent","DCECS1","",""
"883","ApplicationComponent","SIA09-REPO01","",""
"884","ApplicationComponent","SIA09-ICCAPR91","",""
"885","ApplicationComponent","SIA09-ICCAPR92","",""
"886","ApplicationComponent","SIA09-ICCAPR93","",""
"887","ApplicationComponent","SIA09-ICCAPR94","",""
"888","ApplicationComponent","SIA09-ICCAPR95","",""
"889","ApplicationComponent","SIA09-ICCAPR96","",""
"890","ApplicationComponent","SIA09-APUT04","",""
"891","ApplicationComponent","SIA09-APWS04","",""
"892","ApplicationComponent","SIA09-XDRS02","",""
"893","ApplicationComponent","SIA09-XDRS01","",""
"894","ApplicationComponent","SIA09-WZDV01","",""
"895","ApplicationComponent","SIA09-VROP01","",""
"896","ApplicationComponent","SIA09-SFTP01","",""
"897","ApplicationComponent","SIA09-MISP01","",""
"898","ApplicationComponent","SIA09-LSVCX1","",""
"899","ApplicationComponent","SIA09-ISUT25","",""
"900","ApplicationComponent","SIA09-GPULX2","",""
"901","ApplicationComponent","SIA09-GPULX1","",""
"902","ApplicationComponent","SIA09-EYEX04","",""
"903","ApplicationComponent","SIA09-DBDVX2","",""
"904","ApplicationComponent","SIA09-BXPRX1","",""
"905","ApplicationComponent","SIA09-BIPRX1","",""
"906","ApplicationComponent","SIA09-ESXB21.si","",""
"907","ApplicationComponent","SIA09-ESXB22.si","",""
"908","ApplicationComponent","SIA09-ESXB23.si","",""
"909","ApplicationComponent","SIA09-ESXB24.si","",""
"910","ApplicationComponent","SIA09-ESXB31.si","",""
"911","ApplicationComponent","SIA09-ESXB32.si","",""
"912","ApplicationComponent","SIA09-ESDR11.si","",""
"913","ApplicationComponent","SIA09-ESDR12.si","",""
"914","ApplicationComponent","SIA09-ESDR13.si","",""
"915","ApplicationComponent","DR-PowerVaultME5024","",""
"916","ApplicationComponent","VM-PowerStore1200T-NEW","",""
"917","ApplicationComponent","NAS-SYNOLOGY-HD6500","",""
"918","ApplicationComponent","DR-VM-SW7720-TOP","",""
"919","ApplicationComponent","DR-VM-SW7720-BOT","",""
"920","ApplicationComponent","DR-UPS-NEW-01","",""
"921","ApplicationComponent","DR-UPS-NEW-02","",""
"922","ApplicationComponent","A10TH1060S-01","",""
"923","ApplicationComponent","A10TH1060S-02","",""
"924","ApplicationComponent","SIA09-TCSC01","",""
"925","ApplicationComponent","SIA09-TCSC02","",""
"926","ApplicationComponent","SIA09-TCPR01","",""
"927","ApplicationComponent","SIA09-TCPR02","",""
"928","ApplicationComponent","SIA09-TCPR11","",""
"929","ApplicationComponent","SIA09-TCPR03","",""
"930","ApplicationComponent","SIA09-TCPR21","",""
"931","ApplicationComponent","SIA09-TCPR22","",""
"932","ApplicationComponent","SIA09-TCPR31","",""
"933","ApplicationComponent","SIA09-TCPR32","",""
"934","ApplicationComponent","SIA09-TCPR33","",""
"935","ApplicationComponent","SIA09-TCPR41","",""
"936","ApplicationComponent","SIA09-TCPR42","",""
"937","ApplicationComponent","SIA09-TCPR43","",""
"938","ApplicationComponent","SIA09-TCPR44","",""
"939","ApplicationComponent","SIA09-TCTS01","",""
"940","ApplicationComponent","SIA09-TCTS02","",""
"941","ApplicationComponent","SIA09-TCTS11","",""
"942","ApplicationComponent","SIA09-TCTS21","",""
"943","ApplicationComponent","SIA09-TCTS22","",""
"944","ApplicationComponent","SIA09-TCTS31","",""
"945","ApplicationComponent","SIA09-TCTS32","",""
"946","ApplicationComponent","SIA09-TCTS41","",""
"947","ApplicationComponent","SIA09-TCBS01","",""
"948","ApplicationComponent","SIA09-TCTR01","",""
"949","ApplicationComponent","SIA09-TCRDDC01","",""
"950","ApplicationComponent","SIA09-TCRPDC01","",""
"951","ApplicationComponent","SIA09-TCDR01","",""
"952","ApplicationComponent","SIA09-TCDR11","",""
"953","ApplicationComponent","SIA09-TCDR31","",""
"954","ApplicationComponent","SIA09-TCDR32","",""
"955","ApplicationComponent","SIA09-TCLBDR01","",""
"956","ApplicationComponent","SIA09-TCLBDR02","",""
"957","ApplicationComponent","SIA09-TCDR41","",""
"958","ApplicationComponent","SIA09-TCDR42","",""
"959","ApplicationComponent","SIA09-TCDR43","",""
"960","ApplicationComponent","SIA09-TCDR21","",""
"961","ApplicationComponent","SIA09-TCRDDR01","",""
"962","ApplicationComponent","SIA09-TCRPDR01","",""
"963","ApplicationComponent","SIA09-ETPR03","",""
"964","ApplicationComponent","SIA09-COUT01","",""
"965","ApplicationComponent","SIA09-COUT11","",""
"966","ApplicationComponent","SIA09-COPR01","",""
"967","ApplicationComponent","SIA09-COPR11","",""