"ID","Type","Name","Documentation","Specialization"
"id-2a1e87d44acf454ea1a21453738fe3f0","ArchimateModel","testtest","",""
"Serv1","ApplicationComponent","SIA09-VCBK01","",""
"Serv2","ApplicationComponent","SIA09-PHBKX1","",""
"Serv3","ApplicationComponent","SIA09-BXQA03","",""
"Serv4","ApplicationComponent","SIA09-SRCAX2","",""
"Serv5","ApplicationComponent","SIA09-NUTDV1","",""
"Serv6","ApplicationComponent","SIA09-SCAPX2","",""
"Serv7","ApplicationComponent","SIA09-BXFS02","",""
"Serv8","ApplicationComponent","SIA09-NUTDV2","",""
"Serv9","ApplicationComponent","SIA09-SPIFDV","",""
"Serv10","ApplicationComponent","SIA09-MLPR01","",""
"Serv11","ApplicationComponent","SIA09-MLPR02","",""
"Serv12","ApplicationComponent","SIA09-MLPR03","",""
"Serv13","ApplicationComponent","SIA09-MLPR04","",""
"Serv14","ApplicationComponent","SIA09-MLUT01","",""
"Serv15","ApplicationComponent","SIA09-MLUT02","",""
"Serv16","ApplicationComponent","SIA09-LRPR03","",""
"Serv17","ApplicationComponent","SIA09-POCT03","",""
"Serv18","ApplicationComponent","SIA09-RPDCMM","",""
"Serv19","ApplicationComponent","SIA09-BXDV03","",""
"Serv20","ApplicationComponent","A10-1","",""
"Serv21","ApplicationComponent","A10-2","",""
"Serv22","ApplicationComponent","Cisco SG300-28PP","",""
"Serv23","ApplicationComponent","D6CFZN1S","",""
"Serv24","ApplicationComponent","Dell PowerEdge R930","",""
"Serv25","ApplicationComponent","Dell SCv2020 FC ","",""
"Serv26","ApplicationComponent","Dell SCv2020 FC ","",""
"Serv27","ApplicationComponent","DELL/EMC UNITY300 (DAE)","",""
"Serv28","ApplicationComponent","DELL/EMC UNITY300 (DPE)","",""
"Serv33","ApplicationComponent","EMC Unity 300 (DAE1_0)","",""
"Serv34","ApplicationComponent","EMC Unity 300 (DPE)","",""
"Serv35","ApplicationComponent","IEMC Unity 380 Storage  ","",""
"Serv36","ApplicationComponent","IBM DCS3700","",""
"Serv37","ApplicationComponent","IBM DCS3700","",""
"Serv38","ApplicationComponent","IBM SAN 24B-5","",""
"Serv39","ApplicationComponent","IBM SAN 24B-5","",""
"Serv40","ApplicationComponent","IBM SAN 24B-5","",""
"Serv41","ApplicationComponent","IBM SAN 24B-5","",""
"Serv42","ApplicationComponent","IBM Storwise V7000","",""
"Serv43","ApplicationComponent","IBM Storwise V7000","",""
"Serv44","ApplicationComponent","IBM V5010 (DAE)","",""
"Serv45","ApplicationComponent","IBM V5010 (DAE)","",""
"Serv46","ApplicationComponent","KVM","",""
"Serv47","ApplicationComponent","KVM","",""
"Serv48","ApplicationComponent","KVM","",""
"Serv49","ApplicationComponent","KVM","",""
"Serv50","ApplicationComponent","KVM ","",""
"Serv51","ApplicationComponent","Monitor","",""
"Serv52","ApplicationComponent","Monitor Dell","",""
"Serv53","ApplicationComponent","Monitor Dell","",""
"Serv54","ApplicationComponent","Monitor Dell","",""
"Serv55","ApplicationComponent","Monitor Dell KMMLED185","",""
"Serv56","ApplicationComponent","Dell KVM  PowerEdge 180AS ","",""
"Serv57","ApplicationComponent","Dell monitor  KVM 17FP","",""
"Serv58","ApplicationComponent","KVM-1","",""
"Serv59","ApplicationComponent","KVM-2","",""
"Serv60","ApplicationComponent","KVM-B08","",""
"Serv61","ApplicationComponent","LCD-B08","",""
"Serv62","ApplicationComponent","Lenovo System x3550 M4","",""
"Serv63","ApplicationComponent","Lenovo System x3550 M4","",""
"Serv64","ApplicationComponent","Lenovo System x3550 M4","",""
"Serv65","ApplicationComponent","Lenovo System x3550 M4","",""
"Serv66","ApplicationComponent","NBU-StoreEverMSL3040","",""
"Serv67","ApplicationComponent","NBU-StoreEverMSL3040 (exp)","",""
"Serv68","ApplicationComponent","NBU-StoreEverMSL3040 (exp)","",""
"Serv69","ApplicationComponent","NBU-StoreEverMSL3040 (exp)","",""
"Serv70","ApplicationComponent","NBU-StoreOnce5200-01","",""
"Serv71","ApplicationComponent","NBU-StoreOnce5200-01 (exp)","",""
"Serv72","ApplicationComponent","NBU-StoreOnce5200-01 (exp)","",""
"Serv73","ApplicationComponent","NBU-StoreOnce5200-01 (exp)","",""
"Serv74","ApplicationComponent","NBU-StoreOnce5200-01 (exp)","",""
"Serv75","ApplicationComponent","NBU-StoreOnce5200-02","",""
"Serv76","ApplicationComponent","NBU-StoreOnce5200-02 (exp)","",""
"Serv77","ApplicationComponent","NBU-StoreOnce5200-02 (exp)","",""
"Serv78","ApplicationComponent","NBU-StoreOnce5200-02 (exp)","",""
"Serv79","ApplicationComponent","NBU-StoreOnce5200-02 (exp)","",""
"Serv80","ApplicationComponent","PACS_N5K1","",""
"Serv81","ApplicationComponent","PACS_N5K2","",""
"Serv82","ApplicationComponent","POPULAI","",""
"Serv83","ApplicationComponent","RACK A08","",""
"Serv84","ApplicationComponent","RACK A09","",""
"Serv85","ApplicationComponent","RACK A10","",""
"Serv86","ApplicationComponent","RACK B09","",""
"Serv87","ApplicationComponent","SIA03-FDDV03","",""
"Serv88","ApplicationComponent","SIA03-FDQA03","",""
"Serv89","ApplicationComponent","SIA09-3PAR01","",""
"Serv90","ApplicationComponent","SIA09-ADCS01","",""
"Serv91","ApplicationComponent","SIA09-ADCS02","",""
"Serv92","ApplicationComponent","SIA09-ADCS03","",""
"Serv93","ApplicationComponent","SIA09-ADIS01","",""
"Serv94","ApplicationComponent","SIA09-ADIS01_PrivateTest","",""
"Serv95","ApplicationComponent","SIA09-ANES02","",""
"Serv96","ApplicationComponent","SIA09-ANVS02","",""
"Serv97","ApplicationComponent","SIA09-APUT01","",""
"Serv98","ApplicationComponent","SIA09-APWS01","",""
"Serv99","ApplicationComponent","SIA09-AXIF15","",""
"Serv100","ApplicationComponent","SIA09-AXIF12","",""
"Serv101","ApplicationComponent","SIA09-AXIF14","",""
"Serv102","ApplicationComponent","SIA09-BBPR01","",""
"Serv103","ApplicationComponent","SIA09-BBPR02","",""
"Serv104","ApplicationComponent","SIA09-BBUT01","",""
"Serv105","ApplicationComponent","SIA09-BBUT02","",""
"Serv106","ApplicationComponent","SIA09-BCPR01","",""
"Serv107","ApplicationComponent","SIA09-BIDV02","",""
"Serv108","ApplicationComponent","SIA09-BIPR11","",""
"Serv109","ApplicationComponent","SIA09-BIPR12","",""
"Serv110","ApplicationComponent","SIA09-BIQA02","",""
"Serv111","ApplicationComponent","SIA09-BIWD03","",""
"Serv112","ApplicationComponent","SIA09-BMDB01","",""
"Serv113","ApplicationComponent","SIA09-BMWS01","",""
"Serv114","ApplicationComponent","SIA09-BMWS02","",""
"Serv115","ApplicationComponent","SIA09-CCTV01","",""
"Serv116","ApplicationComponent","SIA09-CMDB01","",""
"Serv117","ApplicationComponent","SIA09-CPPR01","",""
"Serv118","ApplicationComponent","SIA09-CXDB01","",""
"Serv119","ApplicationComponent","SIA09-CXDB02","",""
"Serv120","ApplicationComponent","SIA09-CXDB05","",""
"Serv121","ApplicationComponent","SIA09-CXDB06","",""
"Serv122","ApplicationComponent","SIA09-CXDB07","",""
"Serv123","ApplicationComponent","SIA09-CXDB03","",""
"Serv124","ApplicationComponent","SIA09-CZMM01","",""
"Serv125","ApplicationComponent","SIA09-DBDV01","",""
"Serv126","ApplicationComponent","SIA09-DBDV02","",""
"Serv127","ApplicationComponent","SIA09-DBDV03","",""
"Serv128","ApplicationComponent","SIA09-DBPR01","",""
"Serv129","ApplicationComponent","SIA09-DBPR02","",""
"Serv130","ApplicationComponent","SIA09-DBPRX3","",""
"Serv131","ApplicationComponent","SIA09-DBSM01","",""
"Serv132","ApplicationComponent","SIA09-DBUT02","",""
"Serv133","ApplicationComponent","SIA09-DEFI01","",""
"Serv134","ApplicationComponent","SIA09-DEFI02","",""
"Serv135","ApplicationComponent","SIA09-DHCP01","",""
"Serv136","ApplicationComponent","SIA09-DHCP02","",""
"Serv137","ApplicationComponent","SIA09-DLDV01","",""
"Serv138","ApplicationComponent","SIA09-DLPR01","",""
"Serv139","ApplicationComponent","SIA09-DLPR02","",""
"Serv140","ApplicationComponent","SIA09-DLUT01","",""
"Serv141","ApplicationComponent","SIA09-DSPRX1","",""
"Serv142","ApplicationComponent","SIA09-DSPRX2","",""
"Serv143","ApplicationComponent","SIA09-EDAP01","",""
"Serv144","ApplicationComponent","SIA09-EDAP02","",""
"Serv145","ApplicationComponent","SIA09-EDDB01A","",""
"Serv146","ApplicationComponent","SIA09-EDDB01B","",""
"Serv147","ApplicationComponent","SIA09-EDDV01","",""
"Serv148","ApplicationComponent","SIA09-EDDV02","",""
"Serv149","ApplicationComponent","SIA09-EDDV03","",""
"Serv150","ApplicationComponent","SIA09-EDELDV","",""
"Serv151","ApplicationComponent","SIA09-EDELX1","",""
"Serv152","ApplicationComponent","SIA09-EDELX3","",""
"Serv153","ApplicationComponent","SIA09-EDIX01","",""
"Serv154","ApplicationComponent","SIA09-EDMS01","",""
"Serv155","ApplicationComponent","SIA09-EDOC01","",""
"Serv156","ApplicationComponent","SIA09-EDOC03A","",""
"Serv157","ApplicationComponent","SIA09-EDOC03B","",""
"Serv158","ApplicationComponent","SIA09-EDOC04A","",""
"Serv159","ApplicationComponent","SIA09-EDOC04B","",""
"Serv160","ApplicationComponent","SIA09-EDOCX1","",""
"Serv161","ApplicationComponent","SIA09-EDRM01","",""
"Serv162","ApplicationComponent","SIA09-EDRM02","",""
"Serv163","ApplicationComponent","SIA09-EDSS01","",""
"Serv164","ApplicationComponent","SIA09-EDSSUT01","",""
"Serv165","ApplicationComponent","SIA09-EDWN01","",""
"Serv166","ApplicationComponent","SIA09-EDWS01","",""
"Serv167","ApplicationComponent","SIA09-EDWS02","",""
"Serv168","ApplicationComponent","SIA09-EDWS03","",""
"Serv169","ApplicationComponent","SIA09-EHAP02","",""
"Serv171","ApplicationComponent","SIA09-EKOAD2","",""
"Serv172","ApplicationComponent","SIA09-EPYX01","",""
"Serv173","ApplicationComponent","sia09-ESXA03","",""
"Serv174","ApplicationComponent","sia09-ESXA02","",""
"Serv175","ApplicationComponent","sia09-ESXA01","",""
"Serv176","ApplicationComponent","SIA09-ESET11","",""
"Serv177","ApplicationComponent","SIA09-ESET12","",""
"Serv178","ApplicationComponent","SIA09-ESET13","",""
"Serv179","ApplicationComponent","SIA09-ESET14","",""
"Serv180","ApplicationComponent","SIA09-ESXA11","",""
"Serv181","ApplicationComponent","SIA09-ESXA12","",""
"Serv182","ApplicationComponent","SIA09-ESXA13","",""
"Serv183","ApplicationComponent","SIA09-ESXA14","",""
"Serv184","ApplicationComponent","SIA09-ESXA21","",""
"Serv185","ApplicationComponent","SIA09-ESXA22","",""
"Serv186","ApplicationComponent","SIA09-ESXB11","",""
"Serv187","ApplicationComponent","SIA09-ESXB12","",""
"Serv188","ApplicationComponent","SIA09-ESXB13","",""
"Serv189","ApplicationComponent","SIA09-ESXB14","",""
"Serv190","ApplicationComponent","SIA09-ESXC11","",""
"Serv191","ApplicationComponent","SIA09-ESXC12","",""
"Serv192","ApplicationComponent","SIA09-ESXC13","",""
"Serv193","ApplicationComponent","SIA09-ESXC14","",""
"Serv194","ApplicationComponent","SIA09-ESXC15","",""
"Serv195","ApplicationComponent","SIA09-EYEX01","",""
"Serv196","ApplicationComponent","SIA09-EYEXX3","",""
"Serv197","ApplicationComponent","SIA09-FXFS01","",""
"Serv198","ApplicationComponent","SIA09-FXIF01","",""
"Serv199","ApplicationComponent","SIA09-FXIF03","",""
"Serv200","ApplicationComponent","SIA09-FXPR10","",""
"Serv201","ApplicationComponent","SIA09-FXPR16","",""
"Serv202","ApplicationComponent","SIA09-FXPR17","",""
"Serv203","ApplicationComponent","SIA09-FXPR18","",""
"Serv204","ApplicationComponent","SIA09-FXPS01","",""
"Serv205","ApplicationComponent","SIA09-FXUT02","",""
"Serv206","ApplicationComponent","SIA09-FXUT03","",""
"Serv207","ApplicationComponent","SIA09-FXUT04","",""
"Serv208","ApplicationComponent","SIA09-FXUT05","",""
"Serv209","ApplicationComponent","SIA09-FXUT08","",""
"Serv210","ApplicationComponent","SIA09-FXUT17","",""
"Serv211","ApplicationComponent","SIA09-FXUT18","",""
"Serv212","ApplicationComponent","SIA09-GRPR01","",""
"Serv213","ApplicationComponent","SIA09-HBCX01","",""
"Serv214","ApplicationComponent","SIA09-ICDVX1","",""
"Serv215","ApplicationComponent","SIA09-IMED01","",""
"Serv216","ApplicationComponent","SIA09-IPGG01","",""
"Serv217","ApplicationComponent","SIA09-IPGG02","",""
"Serv218","ApplicationComponent","SIA09-IPGG03","",""
"Serv219","ApplicationComponent","SIA09-ISDV01","",""
"Serv220","ApplicationComponent","SIA09-ISME01","",""
"Serv221","ApplicationComponent","SIA09-ISPR07","",""
"Serv222","ApplicationComponent","SIA09-ISPR08","",""
"Serv223","ApplicationComponent","SIA09-ISPR09","",""
"Serv224","ApplicationComponent","SIA09-ISPR11","",""
"Serv225","ApplicationComponent","SIA09-ISPR91","",""
"Serv226","ApplicationComponent","SIA09-ISPR93","",""
"Serv227","ApplicationComponent","SIA09-ISPR94","",""
"Serv228","ApplicationComponent","SIA09-ISPR94_PrivateTest","",""
"Serv229","ApplicationComponent","SIA09-ISPR95","",""
"Serv230","ApplicationComponent","SIA09-ISPR95_PrivateTest","",""
"Serv231","ApplicationComponent","SIA09-ISUT01","",""
"Serv232","ApplicationComponent","SIA09-ISUT10","",""
"Serv233","ApplicationComponent","SIA09-ISUT11","",""
"Serv234","ApplicationComponent","SIA09-ITFS02","",""
"Serv235","ApplicationComponent","SIA09-LDPR01","",""
"Serv236","ApplicationComponent","SIA09-LNPR01","",""
"Serv237","ApplicationComponent","SIA09-LNPR97","",""
"Serv238","ApplicationComponent","SIA09-LSDB11","",""
"Serv239","ApplicationComponent","SIA09-LSDB12","",""
"Serv240","ApplicationComponent","SIA09-LSDV04","",""
"Serv241","ApplicationComponent","SIA09-LSIF11","",""
"Serv242","ApplicationComponent","SIA09-LSIF12","",""
"Serv243","ApplicationComponent","SIA09-LSMW01","",""
"Serv244","ApplicationComponent","SIA09-LSPR07","",""
"Serv245","ApplicationComponent","SIA09-LSPR08","",""
"Serv246","ApplicationComponent","SIA09-LSPR09","",""
"Serv247","ApplicationComponent","SIA09-LSPR10","",""
"Serv248","ApplicationComponent","SIA09-LSVC01","",""
"Serv249","ApplicationComponent","SIA09-METC02","",""
"Serv250","ApplicationComponent","SIA09-MMAD98","",""
"Serv251","ApplicationComponent","SIA09-MMAD99","",""
"Serv252","ApplicationComponent","SIA09-MMBA01","",""
"Serv253","ApplicationComponent","SIA09-MMBA02","",""
"Serv254","ApplicationComponent","SIA09-MMBA03","",""
"Serv255","ApplicationComponent","SIA09-TKENX1","",""
"Serv256","ApplicationComponent","SIA09-TKENX2","",""
"Serv257","ApplicationComponent","SIA09-MMDM01","",""
"Serv258","ApplicationComponent","SIA09-MMDM01_PrivateTest","",""
"Serv259","ApplicationComponent","SIA09-MMDM02","",""
"Serv260","ApplicationComponent","SIA09-MMDM03","",""
"Serv261","ApplicationComponent","SIA09-MMDM111","",""
"Serv262","ApplicationComponent","SIA09-MMDM112","",""
"Serv263","ApplicationComponent","SIA09-MMDM113","",""
"Serv264","ApplicationComponent","SIA09-MMDM121","",""
"Serv265","ApplicationComponent","SIA09-MMDM122","",""
"Serv266","ApplicationComponent","SIA09-MMDM123","",""
"Serv267","ApplicationComponent","SIA09-MMDM211","",""
"Serv268","ApplicationComponent","SIA09-MMDM212","",""
"Serv269","ApplicationComponent","SIA09-MMDM221","",""
"Serv270","ApplicationComponent","SIA09-MMDM222","",""
"Serv271","ApplicationComponent","SIA09-MMDMWN","",""
"Serv272","ApplicationComponent","SIA09-MMDMCT","",""
"Serv273","ApplicationComponent","SIA09-MMDMDB","",""
"Serv274","ApplicationComponent","SIA09-STDVX1","",""
"Serv275","ApplicationComponent","SIA09-STDVX2","",""
"Serv276","ApplicationComponent","SIA09-VTSGUT01","",""
"Serv277","ApplicationComponent","SIA09-MMFS03","",""
"Serv278","ApplicationComponent","SIA09-MMMT01","",""
"Serv279","ApplicationComponent","SIA09-MMMT02","",""
"Serv280","ApplicationComponent","SIA09-MMSU03","",""
"Serv281","ApplicationComponent","SIA09-MTFSX1","",""
"Serv282","ApplicationComponent","SIA09-MUDNS1","",""
"Serv283","ApplicationComponent","SIA09-MUDNS2","",""
"Serv284","ApplicationComponent","SIA09-NSSV01","",""
"Serv285","ApplicationComponent","SIA09-NTPX01","",""
"Serv286","ApplicationComponent","SIA09-NUTX01","",""
"Serv287","ApplicationComponent","SIA09-NUTX02","",""
"Serv288","ApplicationComponent","SIA09-NWRD01","",""
"Serv289","ApplicationComponent","SIA09-NWRD02","",""
"Serv290","ApplicationComponent","SIA09-OPASX1","",""
"Serv291","ApplicationComponent","SIA09-OPASX2","",""
"Serv292","ApplicationComponent","SIA09-OPASX3","",""
"Serv293","ApplicationComponent","SIA09-OQPRX1","",""
"Serv294","ApplicationComponent","SIA09-OQPRX2","",""
"Serv295","ApplicationComponent","SIA09-OQPRX3","",""
"Serv296","ApplicationComponent","SIA09-OQPRX4","",""
"Serv297","ApplicationComponent","SIA09-OQPRX5","",""
"Serv298","ApplicationComponent","SIA09-OQPRX6","",""
"Serv299","ApplicationComponent","SIA09-OQPRX7","",""
"Serv300","ApplicationComponent","SIA09-OQPRX8","",""
"Serv301","ApplicationComponent","SIA09-OQPRX9","",""
"Serv302","ApplicationComponent","SIA09-OQUTX1","",""
"Serv303","ApplicationComponent","SIA09-OQUTX2","",""
"Serv304","ApplicationComponent","SIA09-OQUTX3","",""
"Serv305","ApplicationComponent","SIA09-OQUTX4","",""
"Serv306","ApplicationComponent","SIA09-OQUTX5","",""
"Serv307","ApplicationComponent","SIA09-OQUTX6","",""
"Serv308","ApplicationComponent","SIA09-OQUTX7","",""
"Serv309","ApplicationComponent","SIA09-OQUTX8","",""
"Serv310","ApplicationComponent","SIA09-OQUTX9","",""
"Serv311","ApplicationComponent","SIA09-PHDB01","",""
"Serv312","ApplicationComponent","SIA09-PHDB02","",""
"Serv313","ApplicationComponent","SIA09-PHWSX1","",""
"Serv314","ApplicationComponent","SIA09-PHWS02","",""
"Serv315","ApplicationComponent","SIA09-POCT02","",""
"Serv316","ApplicationComponent","SIA09-PTUT01","",""
"Serv317","ApplicationComponent","SIA09-QABS01","",""
"Serv318","ApplicationComponent","SIA09-QABSDV01","",""
"Serv319","ApplicationComponent","SIA09-RMIP01","",""
"Serv320","ApplicationComponent","SIA09-ROPX01","",""
"Serv321","ApplicationComponent","SIA09-ROPX02","",""
"Serv322","ApplicationComponent","SIA09-RPPR01","",""
"Serv323","ApplicationComponent","SIA09-RSEPX1","",""
"Serv324","ApplicationComponent","SIA09-SCAP01","",""
"Serv325","ApplicationComponent","SIA09-SICMSPR1","",""
"Serv326","ApplicationComponent","SIA09-SICMSPR2","",""
"Serv327","ApplicationComponent","SIA09-SICMSUT1","",""
"Serv328","ApplicationComponent","SIA09-SICMSUT2","",""
"Serv329","ApplicationComponent","SIA09-SIEL01","",""
"Serv330","ApplicationComponent","SIA09-SIMM01","",""
"Serv331","ApplicationComponent","SIA09-SIMM02","",""
"Serv332","ApplicationComponent","SIA09-SIPX01","",""
"Serv333","ApplicationComponent","SIA09-SIWS01","",""
"Serv334","ApplicationComponent","SIA09-SIWS02","",""
"Serv335","ApplicationComponent","SIA09-SIWS11","",""
"Serv336","ApplicationComponent","SIA09-SIWS12","",""
"Serv337","ApplicationComponent","sia09-SIWSDV01","",""
"Serv338","ApplicationComponent","SIA09-SMFS01","",""
"Serv339","ApplicationComponent","SIA09-SPIF05","",""
"Serv340","ApplicationComponent","SIA09-SPIFX1","",""
"Serv341","ApplicationComponent","SIA09-SPPS03","",""
"Serv342","ApplicationComponent","SIA09-SPPS04","",""
"Serv343","ApplicationComponent","SIA09-SRCA01","",""
"Serv344","ApplicationComponent","SIA09-SRCA02","",""
"Serv345","ApplicationComponent","SIA09-TBDV01","",""
"Serv346","ApplicationComponent","SIA09-TBPR01","",""
"Serv347","ApplicationComponent","SIA09-TBWK01","",""
"Serv348","ApplicationComponent","SIA09-TBWK02","",""
"Serv349","ApplicationComponent","SIA09-TEGM01","",""
"Serv350","ApplicationComponent","SIA09-TMDSX1","",""
"Serv351","ApplicationComponent","SIA09-TMDSX2","",""
"Serv352","ApplicationComponent","SIA09-TMGS01","",""
"Serv353","ApplicationComponent","SIA09-TMGS02","",""
"Serv354","ApplicationComponent","SIA09-VCDC01","",""
"Serv355","ApplicationComponent","SIA09-VCDR01","",""
"Serv356","ApplicationComponent","SIA09-WIN2012","",""
"Serv357","ApplicationComponent","SIA09-WNMM01","",""
"Serv358","ApplicationComponent","SIB04-HBC01","",""
"Serv359","ApplicationComponent","SIE03-FDFS03","",""
"Serv360","ApplicationComponent","SIE03-FDPR03","",""
"Serv361","ApplicationComponent","SP-3PAR8400-A08","",""
"Serv362","ApplicationComponent","SP-3PAR8400-B09","",""
"Serv363","ApplicationComponent","STG-SQL2005","",""
"Serv368","ApplicationComponent","SW-SN6000B-BOT","",""
"Serv369","ApplicationComponent","SW-SN6000B-TOP","",""
"Serv370","ApplicationComponent","SW-UNITY300-B","",""
"Serv371","ApplicationComponent","SW-UNITY300-T","",""
"Serv372","ApplicationComponent","VM-3PAR8400-A08","",""
"Serv373","ApplicationComponent","VM-3PAR8400-A08 (exp)","",""
"Serv374","ApplicationComponent","VM-3PAR8400-A08 (exp)","",""
"Serv375","ApplicationComponent","VM-3PAR8400-A08 (exp)","",""
"Serv376","ApplicationComponent","VM-3PAR8400-A08 (exp)","",""
"Serv377","ApplicationComponent","VM-3PAR8400-A08 (exp)","",""
"Serv378","ApplicationComponent","VM-3PAR8400-A08 (exp)","",""
"Serv379","ApplicationComponent","VM-3PAR8400-B09","",""
"Serv380","ApplicationComponent","VM-3PAR8400-B09 (exp)","",""
"Serv381","ApplicationComponent","VM-3PAR8400-B09 (exp)","",""
"Serv382","ApplicationComponent","VM-3PAR8400-B09 (exp)","",""
"Serv383","ApplicationComponent","VM-3PAR8400-B09 (exp)","",""
"Serv384","ApplicationComponent","VM-3PAR8400-B09 (exp)","",""
"Serv385","ApplicationComponent","VM-3PAR8400-B09 (exp)","",""
"Serv386","ApplicationComponent","VNX5200","",""
"Serv387","ApplicationComponent","VNX5200","",""
"Serv393","ApplicationComponent","SIA09-DPES01","",""
"Serv394","ApplicationComponent","SIA09-DPES02","",""
"Serv395","ApplicationComponent","DP-SCV3020","",""
"Serv396","ApplicationComponent","Dell DAV2108","",""
"Serv397","ApplicationComponent","Dell KMM LED185","",""
"Serv398","ApplicationComponent","SIA09-VDVC01","",""
"Serv399","ApplicationComponent","SIA09-VDWN01","",""
"Serv400","ApplicationComponent","SIA09-VDES01","",""
"Serv401","ApplicationComponent","SIA09-VDES02","",""
"Serv402","ApplicationComponent","SIA09-EDOC11","",""
"Serv403","ApplicationComponent","SIA09-EDOC12","",""
"Serv404","ApplicationComponent","SIA09-EDOC13","",""
"Serv405","ApplicationComponent","SIA09-EDOC11-UT","",""
"Serv406","ApplicationComponent","SIA09-EDOC12-UT","",""
"Serv407","ApplicationComponent","SIA09-EDOC13-UT","",""
"Serv408","ApplicationComponent","SIA09-ESPR11","",""
"Serv409","ApplicationComponent","SIA09-ESPR12","",""
"Serv410","ApplicationComponent","SIA09-ESPR13","",""
"Serv411","ApplicationComponent","SIA09-ESPR14","",""
"Serv412","ApplicationComponent","SIA09-BXPR11","",""
"Serv413","ApplicationComponent","SIA09-BXPR12","",""
"Serv414","ApplicationComponent","SW-DS6620B-TOP","",""
"Serv415","ApplicationComponent","SW-DS6620B-BOT","",""
"Serv416","ApplicationComponent","VM-UNITY380","",""
"Serv417","ApplicationComponent","SIA09-APUT02","",""
"Serv418","ApplicationComponent","SIA09-APWS02","",""
"Serv419","ApplicationComponent","SIA09-AXIFX1","",""
"Serv420","ApplicationComponent","SIA09-DBDV04","",""
"Serv421","ApplicationComponent","SIA09-DBPR04","",""
"Serv422","ApplicationComponent","SIA09-DBUT04","",""
"Serv423","ApplicationComponent","SIA09-HIEX01","",""
"Serv424","ApplicationComponent","SIA09-CCCCX1","",""
"Serv425","ApplicationComponent","SIA09-ITCCX3","",""
"Serv426","ApplicationComponent","SIA09-VTSG01","",""
"Serv427","ApplicationComponent","SIA09-ELIT01","",""
"Serv428","ApplicationComponent","SIA09-ELIT02","",""
"Serv429","ApplicationComponent","SIA09-DEFI01","",""
"Serv430","ApplicationComponent","SIA09-DEFI02","",""
"Serv431","ApplicationComponent","SIA09-QDRV01","",""
"Serv432","ApplicationComponent","SIA09-EDOC10","",""
"Serv433","ApplicationComponent","SIA09-EDOC10-UT","",""
"Serv434","ApplicationComponent","SIA09-TBWS02","",""
"Serv435","ApplicationComponent","SIA09-RPDC01","",""
"Serv436","ApplicationComponent","SIA09-RPDC02","",""
"Serv437","ApplicationComponent","SIA09-RPDC03","",""
"Serv438","ApplicationComponent","SIA09-RPDC04","",""
"Serv439","ApplicationComponent","SIA09-AXIF06","",""
"Serv440","ApplicationComponent","rp.STG-SQL2005.copy.shadow","",""
"Serv441","ApplicationComponent","rp.SIA09-TMDSX2.copy.1.shadow","",""
"Serv442","ApplicationComponent","rp.SIA09-TMDSX1.copy.shadow","",""
"Serv443","ApplicationComponent","rp.SIA09-SIWS11.copy.shadow","",""
"Serv444","ApplicationComponent","rp.SIA09-SIWS02.copy.1.shadow","",""
"Serv445","ApplicationComponent","rp.SIA09-SIWS01.copy.1.shadow","",""
"Serv446","ApplicationComponent","rp.SIA09-PHWS02.copy.shadow","",""
"Serv447","ApplicationComponent","rp.SIA09-PHWS01.copy.1.shadow","",""
"Serv448","ApplicationComponent","rp.SIA09-PHDB02.copy.1.shadow","",""
"Serv449","ApplicationComponent","rp.SIA09-PHDB01.copy.shadow","",""
"Serv450","ApplicationComponent","rp.SIA09-OPASX5.copy.1.shadow","",""
"Serv451","ApplicationComponent","rp.SIA09-OPASX4.copy.1.shadow","",""
"Serv452","ApplicationComponent","rp.SIA09-OPASX3.copy.1.shadow","",""
"Serv453","ApplicationComponent","rp.SIA09-OPASX2.copy.1.shadow","",""
"Serv454","ApplicationComponent","rp.SIA09-OPASX1.copy.shadow","",""
"Serv455","ApplicationComponent","rp.SIA09-MRWS01.copy.1.shadow","",""
"Serv456","ApplicationComponent","rp.SIA09-MNEP01.copy.shadow","",""
"Serv457","ApplicationComponent","rp.SIA09-MMDM21.copy.shadow","",""
"Serv458","ApplicationComponent","rp.SIA09-MMDM11.copy.shadow","",""
"Serv459","ApplicationComponent","rp.SIA09-MMDM02.copy.1.shadow","",""
"Serv460","ApplicationComponent","rp.SIA09-MMDM01.copy.shadow","",""
"Serv461","ApplicationComponent","rp.SIA09-MMAD99.copy.shadow","",""
"Serv462","ApplicationComponent","rp.SIA09-MMAD98.copy.1.shadow","",""
"Serv463","ApplicationComponent","rp.SIA09-LSPR10.copy.1.shadow","",""
"Serv464","ApplicationComponent","rp.SIA09-LSPR09.copy.1.shadow","",""
"Serv465","ApplicationComponent","rp.SIA09-LSPR08.copy.shadow","",""
"Serv466","ApplicationComponent","rp.SIA09-LSPR07.copy.1.shadow","",""
"Serv467","ApplicationComponent","rp.SIA09-LSMW01.copy.1.shadow","",""
"Serv468","ApplicationComponent","rp.SIA09-LSIF13.copy.shadow","",""
"Serv469","ApplicationComponent","rp.SIA09-LSIF12.copy.1.shadow","",""
"Serv470","ApplicationComponent","rp.SIA09-LSIF11.copy.shadow","",""
"Serv471","ApplicationComponent","rp.SIA09-LSDB12.copy.1.shadow","",""
"Serv472","ApplicationComponent","rp.SIA09-LSDB11.copy.shadow","",""
"Serv473","ApplicationComponent","rp.SIA09-LSAP01.copy.1.shadow","",""
"Serv474","ApplicationComponent","rp.SIA09-LNPR97.copy.shadow","",""
"Serv475","ApplicationComponent","rp.SIA09-FXPR17.copy.1.shadow","",""
"Serv476","ApplicationComponent","rp.SIA09-FSDBX1.copy.shadow","",""
"Serv477","ApplicationComponent","rp.SIA09-EDOCX1.copy.shadow","",""
"Serv478","ApplicationComponent","rp.SIA09-EDOC01.copy.shadow","",""
"Serv479","ApplicationComponent","rp.SIA09-DHCP02.copy.shadow","",""
"Serv480","ApplicationComponent","rp.SIA09-DHCP01.copy.shadow","",""
"Serv481","ApplicationComponent","rp.SIA09-DBPR02SIA09-DBPR02copy.shadow","",""
"Serv482","ApplicationComponent","rp.SIA09-CXDBX7.copy.shadow","",""
"Serv483","ApplicationComponent","rp.SIA09-CXDBX5.copy.shadow","",""
"Serv484","ApplicationComponent","rp.SIA09-AXIFX4.copy.1.shadow","",""
"Serv485","ApplicationComponent","rp.SIA09-AXIFX2.copy.1.shadow","",""
"Serv486","ApplicationComponent","rp.SIA09-AXIFX1.copy.shadow","",""
"Serv487","ApplicationComponent","rp.SIA09-AXIF05.copy.shadow","",""
"Serv488","ApplicationComponent","rp.SIA09-APWS02.copy.shadow","",""
"Serv489","ApplicationComponent","SIA09-RPDRMM","",""
"Serv490","ApplicationComponent","SIA09-RPDR04","",""
"Serv491","ApplicationComponent","SIA09-RPDR03","",""
"Serv492","ApplicationComponent","SIA09-RPDR02","",""
"Serv493","ApplicationComponent","SIA09-RPDR05","",""
"Serv494","ApplicationComponent","SIA09-EDOC04C","",""
"Serv495","ApplicationComponent","SIA09-EDOC03C","",""
"Serv496","ApplicationComponent","SIA09-CNPR01","",""
"Serv497","ApplicationComponent","SIA09-CNUT01","",""
"Serv498","ApplicationComponent","SIA09-OSAP01","",""
"Serv499","ApplicationComponent","SIA09-OSAPUT01","",""
"Serv500","ApplicationComponent","SIA09-CMPR11","",""
"Serv501","ApplicationComponent","SIA09-CMPR12","",""
"Serv502","ApplicationComponent","SIA09-CMPR13","",""
"Serv503","ApplicationComponent","SIA09-EDPR01","",""
"Serv504","ApplicationComponent","SIA09-EYEXX2","",""
"Serv505","ApplicationComponent","SIA09-FSDB01","",""
"Serv506","ApplicationComponent","SIA09-FSDBUT","",""
"Serv507","ApplicationComponent","SIA09-ISEOMDX1","",""
"Serv508","ApplicationComponent","SIA09-ISPR02","",""
"Serv509","ApplicationComponent","SIA09-ISUT02","",""
"Serv510","ApplicationComponent","SIA09-ISUT03","",""
"Serv511","ApplicationComponent","SIA09-LNUT02","",""
"Serv512","ApplicationComponent","SIA09-LSAP01","",""
"Serv513","ApplicationComponent","SIA09-LSAP02","",""
"Serv514","ApplicationComponent","SIA09-LSAP03","",""
"Serv515","ApplicationComponent","SIA09-LSDBUT11","",""
"Serv516","ApplicationComponent","SIA09-LSDV02","",""
"Serv517","ApplicationComponent","SIA09-LSIF13","",""
"Serv518","ApplicationComponent","SIA09-LSUT91","",""
"Serv519","ApplicationComponent","SIA09-MMACX1","",""
"Serv520","ApplicationComponent","SIA09-MNEPX1","",""
"Serv521","ApplicationComponent","SIA09-MNEPX2","",""
"Serv522","ApplicationComponent","SIA09-SICMSPR3","",""
"Serv523","ApplicationComponent","SIA09-SICMSUT3","",""
"Serv524","ApplicationComponent","SIA09-SPIFX3","",""
"Serv525","ApplicationComponent","SIA09-TDOCX1","",""
"Serv526","ApplicationComponent","SIA09-TDOCX2","",""
"Serv527","ApplicationComponent","SIA09-CMES01","",""
"Serv528","ApplicationComponent","SIA09-CMES02","",""
"Serv529","ApplicationComponent","SIA09-CMN801","",""
"Serv530","ApplicationComponent","SIA09-CMN802","",""
"Serv531","ApplicationComponent","SIA09-CMN901","",""
"Serv532","ApplicationComponent","SIA09-CMN902","",""
"Serv533","ApplicationComponent","SIA09-STDVX1","",""
"Serv534","ApplicationComponent","SIA09-STDVX2","",""
"Serv535","ApplicationComponent","SIA09-APUT03","",""
"Serv536","ApplicationComponent","SIA09-APWS03","",""
"Serv537","ApplicationComponent","SIA09-DBPR05","",""
"Serv538","ApplicationComponent","SIA09-CNPR02","",""
"Serv539","ApplicationComponent","SIA09-CNPR03","",""
"Serv540","ApplicationComponent","SIA09-CNUT02","",""
"Serv541","ApplicationComponent","SIA09-CNUT03","",""
"Serv542","ApplicationComponent","SIA09-DMDV01","",""
"Serv543","ApplicationComponent","SIA09-DMUT01","",""
"Serv544","ApplicationComponent","SIA09-DMUT02","",""
"Serv545","ApplicationComponent","SIA09-EDDV06","",""
"Serv546","ApplicationComponent","SIA09-EDEL02","",""
"Serv547","ApplicationComponent","SIA09-EDELX3DB","",""
"Serv548","ApplicationComponent","SIA09-EDELX4","",""
"Serv549","ApplicationComponent","SIA09-HIEX02","",""
"Serv550","ApplicationComponent","SIA09-ISUT06","",""
"Serv551","ApplicationComponent","SIA09-NSSVX1","",""
"Serv552","ApplicationComponent","SIA09-EDEL11","",""
"Serv553","ApplicationComponent","SIA09-EDEL12","",""
"Serv554","ApplicationComponent","SIA09-EDEL21","",""
"Serv555","ApplicationComponent","SIA09-EDEL22","",""
"Serv556","ApplicationComponent","SIA09-EDEL23","",""
"Serv557","ApplicationComponent","SIA09-EDEL31","",""
"Serv558","ApplicationComponent","SIA09-EDEL32","",""
"Serv559","ApplicationComponent","SIA09-EDEL33","",""
"Serv560","ApplicationComponent","SIA09-EDEL41","",""
"Serv561","ApplicationComponent","SIA09-EDEL42","",""
"Serv562","ApplicationComponent","SIA09-EDEL43","",""
"Serv563","ApplicationComponent","SIA09-HICI01","",""
"Serv564","ApplicationComponent","SIA09-GLDV01","",""
"Serv565","ApplicationComponent","smer-db-neo4j-01.si","",""
"Serv566","ApplicationComponent","smer-db-mssql-01.si","",""
"Serv567","ApplicationComponent","smer-monitor-kibana-01.si","",""
"Serv568","ApplicationComponent","smer-db-elasticsearch-01.si","",""
"Serv569","ApplicationComponent","smer-db-kafka-01","",""
"Serv570","ApplicationComponent","smer-uat-db-neo4j-01.si","",""
"Serv571","ApplicationComponent","smer-uat-db-mssql-01.si","",""
"Serv572","ApplicationComponent","smer-uat-db-kafka-01.si","",""
"Serv573","ApplicationComponent","smer-uat-db-elasticsearch-01.si","",""
"Serv574","ApplicationComponent","smer-uat-monitor-kibana-01.si","",""
"Serv575","ApplicationComponent","SIA09-STPRX1","",""
"Serv576","ApplicationComponent","SIA09-STPRX2","",""
"Serv577","ApplicationComponent","SIA09-FXMM01","",""
"Serv578","ApplicationComponent","SIA09-CIDV01","",""
"Serv579","ApplicationComponent","SIA09-RGDV01","",""
"Serv580","ApplicationComponent","SIA09-GLPR01","",""
"Serv581","ApplicationComponent","SIA09-VDRDP1","",""
"Serv582","ApplicationComponent","SIA09-VDRDP2","",""
"Serv583","ApplicationComponent","SIA09-ISPR14","",""
"Serv584","ApplicationComponent","SIA09-RGPR01","",""
"Serv585","ApplicationComponent","SIA09-SIWS21","",""
"Serv586","ApplicationComponent","SIA09-SIWS31","",""
"Serv587","ApplicationComponent","SIA09-SIWS32","",""
"Serv588","ApplicationComponent","SIA09-HIEX11","",""
"Serv589","ApplicationComponent","SIA09-DBUTX3","",""
"Serv590","ApplicationComponent","SIA09-SIWS41","",""
"Serv591","ApplicationComponent","SIA09-SIWS42","",""
"Serv592","ApplicationComponent","SIA09-ICPR01","",""
"Serv593","ApplicationComponent","SIA09-CIPR01","",""
"Serv594","ApplicationComponent","SIA09-DLCT01A","",""
"Serv595","ApplicationComponent","SIA09-DLPRX01","",""
"Serv596","ApplicationComponent","SIA09-DLPRX02","",""
"Serv597","ApplicationComponent","SIA09-DLPRX03","",""
"Serv598","ApplicationComponent","SIA09-DLPRX04","",""
"Serv599","ApplicationComponent","SIA09-DLPRX05","",""
"Serv600","ApplicationComponent","SIA09-DLPRX06","",""
"Serv601","ApplicationComponent","SIA09-DLPRX07","",""
"Serv602","ApplicationComponent","SIA09-DLPRX08","",""
"Serv603","ApplicationComponent","SIA09-DLPRX09","",""
"Serv604","ApplicationComponent","SIA09-DLPRX10","",""
"Serv605","ApplicationComponent","SIA09-DLPRX11","",""
"Serv606","ApplicationComponent","SIA09-DLPRX12","",""
"Serv607","ApplicationComponent","sia09-esxd11.si","",""
"Serv608","ApplicationComponent","sia09-esxd12.si","",""
"Serv609","ApplicationComponent","sia09-esxd13.si","",""
"Serv610","ApplicationComponent","sia09-esxd14.si","",""
"Serv611","ApplicationComponent","sia09-esxd15.si","",""
"Serv612","ApplicationComponent","sia09-esxd16.si","",""
"Serv613","ApplicationComponent","sia09-esxd17.si","",""
"Serv614","ApplicationComponent","sia09-esxd18.si","",""
"Serv615","ApplicationComponent","sia09-esxe11.si","",""
"Serv616","ApplicationComponent","sia09-esxe12.si","",""
"Serv617","ApplicationComponent","sia09-esxe13.si","",""
"Serv618","ApplicationComponent","sia09-esxe14.si","",""
"Serv619","ApplicationComponent","sia09-esxf11.si","",""
"Serv620","ApplicationComponent","sia09-esxf12.si","",""
"Serv621","ApplicationComponent","sia09-esxf13.si","",""
"Serv622","ApplicationComponent","sia09-esxf14.si","",""
"Serv623","ApplicationComponent","SIA09-METC21","",""
"Serv624","ApplicationComponent","SIA09-SPRT01","",""
"Serv625","ApplicationComponent","SIA09-RMUT01","",""
"Serv626","ApplicationComponent","SIA09-SIRAUT1","",""
"Serv627","ApplicationComponent","SIA09-SIRAUT2","",""
"Serv628","ApplicationComponent","SIA09-SIRAUT3","",""
"Serv629","ApplicationComponent","SIA09-SIRAPR1","",""
"Serv630","ApplicationComponent","SIA09-SIRAPR2","",""
"Serv631","ApplicationComponent","SIA09-SIRAPR3","",""
"Serv632","ApplicationComponent","SIA09-ANVS01","",""
"Serv633","ApplicationComponent","SIA09-ISPRX12","",""
"Serv634","ApplicationComponent","SIA09-VMUT01","",""
"Serv635","ApplicationComponent","SIA09-VMUT02","",""
"Serv636","ApplicationComponent","SIA09-VMPR01","",""
"Serv637","ApplicationComponent","SIA09-VMPR02","",""
"Serv638","ApplicationComponent","SIA09-VMPR11","",""
"Serv639","ApplicationComponent","SIA09-VMPR12","",""
"Serv640","ApplicationComponent","SIA09-VMPR21","",""
"Serv641","ApplicationComponent","SIA09-CMXX01","",""
"Serv642","ApplicationComponent","SIA09-CMXX02","",""
"Serv643","ApplicationComponent","DATA DOMAIN EXPANSION","",""
"Serv644","ApplicationComponent","SIA09-VTLX01","",""
"Serv645","ApplicationComponent","SIA09-ICPR02","",""
"Serv646","ApplicationComponent","SIA09-LRPR04","",""
"Serv647","ApplicationComponent","ubuntu_guest","",""
"Serv648","ApplicationComponent","SIA09-DMPR01","",""
"Serv649","ApplicationComponent","SIA09-DMPR02","",""
"Serv650","ApplicationComponent","SIA09-DMPR03","",""
"Serv651","ApplicationComponent","SIA09-DMPR04","",""
"Serv652","ApplicationComponent","SIA09-DMPR05","",""
"Serv653","ApplicationComponent","SIA09-DSCG01","",""
"Serv654","ApplicationComponent","SIA09-EDMS11","",""
"Serv655","ApplicationComponent","SIA09-EDMS12","",""
"Serv656","ApplicationComponent","SIA09-ESET15","",""
"Serv657","ApplicationComponent","SIA09-FXBT01","",""
"Serv658","ApplicationComponent","SIA09-FXTRX1","",""
"Serv659","ApplicationComponent","SIA09-FXTRX2","",""
"Serv660","ApplicationComponent","SIA09-FXTRX3","",""
"Serv661","ApplicationComponent","SIA09-IRPR01","",""
"Serv662","ApplicationComponent","SIA09-IRPR02","",""
"Serv663","ApplicationComponent","SIA09-IRUT01","",""
"Serv664","ApplicationComponent","SIA09-ISPR20","",""
"Serv665","ApplicationComponent","SIA09-ISPR21","",""
"Serv666","ApplicationComponent","SIA09-ISPR22","",""
"Serv667","ApplicationComponent","SIA09-ISPR23","",""
"Serv668","ApplicationComponent","SIA09-ISPR24","",""
"Serv669","ApplicationComponent","SIA09-LRPR05","",""
"Serv670","ApplicationComponent","SIA09-LRPR06","",""
"Serv671","ApplicationComponent","SIA09-LRPRX2","",""
"Serv672","ApplicationComponent","SIA09-LSMW02","",""
"Serv673","ApplicationComponent","SIA09-LSMW12","",""
"Serv674","ApplicationComponent","SIA09-MLPR05","",""
"Serv675","ApplicationComponent","SIA09-MMDVX1","",""
"Serv676","ApplicationComponent","SIA09-MMUPS1","",""
"Serv677","ApplicationComponent","SIA09-PALO01","",""
"Serv678","ApplicationComponent","SIA09-SIRP01","",""
"Serv679","ApplicationComponent","SIA09-SIRP02","",""
"Serv680","ApplicationComponent","SIA09-SRCAX1","",""
"Serv681","ApplicationComponent","SIA09-ESET15","",""
"Serv682","ApplicationComponent","SIA09-LRPR05","",""
"Serv683","ApplicationComponent","SIA09-LRPR06","",""
"Serv684","ApplicationComponent","SIA09-LRPRX2","",""
"Serv685","ApplicationComponent","SIA09-MLPR05","",""
"Serv686","ApplicationComponent","SIA09-QDRVUT01","",""
"Serv687","ApplicationComponent","SIA09-SIRP31","",""
"Serv688","ApplicationComponent","SIA09-SIRP32","",""
"Serv689","ApplicationComponent","SIA09-ICPR03","",""
"Serv690","ApplicationComponent","SIA09-LSMWX1","",""
"Serv691","ApplicationComponent","SIA09-LSVK01","",""
"Serv692","ApplicationComponent","SIA09-AVCLX1","",""
"Serv693","ApplicationComponent","SIA09-AVCLX2","",""
"Serv694","ApplicationComponent","SIA09-AVCLX3","",""
"Serv695","ApplicationComponent","SIA09-AVCLX4","",""
"Serv696","ApplicationComponent","SIA09-LSIF14","",""
"Serv697","ApplicationComponent","SIA09-SCAPX2DV","",""
"Serv698","ApplicationComponent","SIA09-MMBX01","",""
"Serv699","ApplicationComponent","SIA09-MMBX02","",""
"Serv700","ApplicationComponent","SIA09-MMBX10","",""
"Serv701","ApplicationComponent","SIA09-MMBX11","",""
"Serv702","ApplicationComponent","SIA09-MMBX12","",""
"Serv703","ApplicationComponent","SIA09-MMBX13","",""
"Serv704","ApplicationComponent","SIA09-MMBX14","",""
"Serv705","ApplicationComponent","SIA09-MMBX04","",""
"Serv706","ApplicationComponent","SIA09-MMBX05","",""
"Serv707","ApplicationComponent","SIA09-MMBX03","",""
"Serv708","ApplicationComponent","SIA09-MMBX20","",""
"Serv709","ApplicationComponent","SIA09-MMBX21","",""
"Serv710","ApplicationComponent","SIA09-MMBX22","",""
"Serv711","ApplicationComponent","SIA09-MMBX15","",""
"Serv712","ApplicationComponent","SIA09-LSIF15","",""
"Serv713","ApplicationComponent","SIA09-QABSX1","",""
"Serv715","ApplicationComponent","SIA09-OSDBUT01","",""
"Serv716","ApplicationComponent","SIA09-OSDB01","",""
"Serv717","ApplicationComponent","SIA09-CIPR02","",""
"Serv718","ApplicationComponent","SIA09-DLMMX2","",""
"Serv719","ApplicationComponent","SIA09-DORM01","",""
"Serv720","ApplicationComponent","SIA09-ESET21","",""
"Serv721","ApplicationComponent","SIA09-ETPR02","",""
"Serv722","ApplicationComponent","SIA09-FXRPT05","",""
"Serv723","ApplicationComponent","SIA09-FXAPX1","",""
"Serv724","ApplicationComponent","SIA09-FXAPX2","",""
"Serv725","ApplicationComponent","SIA09-FXAPX3","",""
"Serv726","ApplicationComponent","SIA09-FXAPX4","",""
"Serv727","ApplicationComponent","SIA09-FXAPX5","",""
"Serv728","ApplicationComponent","SIA09-FXAPX6","",""
"Serv729","ApplicationComponent","SIA09-FXDB11","",""
"Serv730","ApplicationComponent","SIA09-FXDB12","",""
"Serv731","ApplicationComponent","SIA09-FXDB13","",""
"Serv732","ApplicationComponent","SIA09-FXDB14","",""
"Serv733","ApplicationComponent","SIA09-FXPPX1","",""
"Serv734","ApplicationComponent","SIA09-FXRPX1","",""
"Serv735","ApplicationComponent","SIA09-FXRPX2","",""
"Serv736","ApplicationComponent","SIA09-FXRPX3","",""
"Serv737","ApplicationComponent","SIA09-FXRPX4","",""
"Serv738","ApplicationComponent","SIA09-FXRPX5","",""
"Serv739","ApplicationComponent","SIA09-FXRPX6","",""
"Serv740","ApplicationComponent","SIA09-FXRPX7","",""
"Serv741","ApplicationComponent","SIA09-FXRPX8","",""
"Serv742","ApplicationComponent","SIA09-FXUTX1","",""
"Serv743","ApplicationComponent","SIA09-ISPR19","",""
"Serv744","ApplicationComponent","SIA09-ISPR25","",""
"Serv745","ApplicationComponent","SIA09-ISPR96","",""
"Serv746","ApplicationComponent","SIA09-ISPR97","",""
"Serv747","ApplicationComponent","SIA09-ISPR98","",""
"Serv748","ApplicationComponent","SIA09-ISUT07","",""
"Serv749","ApplicationComponent","SIA09-ISUTX12","",""
"Serv750","ApplicationComponent","SIA09-LKPR01","",""
"Serv751","ApplicationComponent","SIA09-LKPR11","",""
"Serv752","ApplicationComponent","SIA09-LKPR21","",""
"Serv753","ApplicationComponent","SIA09-LKPR22","",""
"Serv754","ApplicationComponent","SIA09-MMBX09","",""
"Serv755","ApplicationComponent","SIA09-MMMT03","",""
"Serv756","ApplicationComponent","SIA09-MMMT04","",""
"Serv757","ApplicationComponent","SIA09-OTHAI1","",""
"Serv758","ApplicationComponent","SIA09-PHDBX1","",""
"Serv759","ApplicationComponent","SIA09-PTPR01","",""
"Serv760","ApplicationComponent","SIA09-PTPR02","",""
"Serv761","ApplicationComponent","SIA09-SIRP11","",""
"Serv762","ApplicationComponent","SIA09-SIRP12","",""
"Serv763","ApplicationComponent","SIA09-SIRP21","",""
"Serv764","ApplicationComponent","SIA09-SIRP22","",""
"Serv765","ApplicationComponent","SIA09-SIRU01","",""
"Serv766","ApplicationComponent","SIA09-SIRU11","",""
"Serv767","ApplicationComponent","SIA09-SIRU21","",""
"Serv768","ApplicationComponent","SIA09-SIRU31","",""
"Serv769","ApplicationComponent","SIA09-TBPR03","",""
"Serv770","ApplicationComponent","SIA09-TDOC01","",""
"Serv771","ApplicationComponent","SIA09-TDOC02","",""
"Serv772","ApplicationComponent","SIA09-TDOCUT01","",""
"Serv773","ApplicationComponent","SIA09-TMDSX3","",""
"Serv774","ApplicationComponent","SIA09-VCDC01-Passive","",""
"Serv775","ApplicationComponent","SIA09-VCDC01-Witness","",""
"Serv776","ApplicationComponent","SIA09-SCDBUT01A","",""
"Serv777","ApplicationComponent","SIA09-SCDBUT01B","",""
"Serv778","ApplicationComponent","SIA09-SCWNUT01","",""
"Serv779","ApplicationComponent","SIA09-ETPRX1","",""
"Serv780","ApplicationComponent","SIA09-ETDVX1","",""
"Serv781","ApplicationComponent","SIA09-MRWSX1","",""
"Serv782","ApplicationComponent","SIA09-S4DPDQ01","",""
"Serv783","ApplicationComponent","SIA09-S4CCDQ01","",""
"Serv784","ApplicationComponent","SIA09-S4TLDQ01","",""
"Serv785","ApplicationComponent","SIA09-S4SCDQ01","",""
"Serv786","ApplicationComponent","SIA09-S4SFDQ01","",""
"Serv787","ApplicationComponent","SIA09-S4PSPR01","",""
"Serv788","ApplicationComponent","SIA09-S4SCPR01","",""
"Serv789","ApplicationComponent","SIA09-S4SFPR01","",""
"Serv790","ApplicationComponent","SIA09-S4DPPR01","",""
"Serv791","ApplicationComponent","SIA09-S4CCPR01","",""
"Serv792","ApplicationComponent","SIA09-S4CCPR02","",""
"Serv793","ApplicationComponent","SIA09-S4TLPR01","",""
"Serv794","ApplicationComponent","sia09-scsmut01","",""
"Serv795","ApplicationComponent","sia09-scsmpr01","",""
"Serv796","ApplicationComponent","SIA09-SCRPUT01","",""
"Serv797","ApplicationComponent","SIA09-SCRPPR01","",""
"Serv798","ApplicationComponent","SIA09-SCRPPR02","",""
"Serv799","ApplicationComponent","SIA09-ZBMM01","",""
"Serv800","ApplicationComponent","SIA09-ESXG11","",""
"Serv801","ApplicationComponent","SIA09-ESXG12","",""
"Serv802","ApplicationComponent","SIA09-ESXG13","",""
"Serv803","ApplicationComponent","SIA09-ESXG14","",""
"Serv804","ApplicationComponent","DR-VM-NEW-UNITY380","",""
"Serv805","ApplicationComponent","DR-VM-NEW-UNITY380(EXP)","",""
"Serv806","ApplicationComponent","VM-PowerStore1200T","",""
"Serv807","ApplicationComponent","VM-PowerStore1200T(EXP)","",""
"Serv808","ApplicationComponent","VM-PowerVaultME5012","",""
"Serv809","ApplicationComponent","VM-PowerVaultME5012(EXP)","",""
"Serv810","ApplicationComponent","VM-PowerVaultME5012(EXP)","",""
"Serv811","ApplicationComponent","VM-PowerVaultME5024","",""
"Serv812","ApplicationComponent","VM-PowerVaultME5024(EXP)","",""
"Serv813","ApplicationComponent","VM-PowerVaultME5024(EXP)","",""
"Serv814","ApplicationComponent","VM-PowerVaultME5024(EXP)","",""
"Serv815","ApplicationComponent"," SW-NEW-DS6620B-TOP","",""
"Serv816","ApplicationComponent","SW-NEW-DS6620B-BOT","",""
"Serv817","ApplicationComponent","SIA09-LSMM01","",""
"Serv818","ApplicationComponent","SIA09-SCDBPR01A","",""
"Serv819","ApplicationComponent","SIA09-SCDBPR01B","",""
"Serv820","ApplicationComponent","SIA09-SCWNPR01","",""
"Serv821","ApplicationComponent","SIA09-NXPR01","",""
"Serv822","ApplicationComponent","SIA09-NXUT01","",""
"Serv823","ApplicationComponent","SIA09-ICCAUT01","",""
"Serv824","ApplicationComponent","SIA09-ICCAUT02","",""
"Serv825","ApplicationComponent","SIA09-ICCAUT03","",""
"Serv826","ApplicationComponent","SIA09-ICCAPR01","",""
"Serv827","ApplicationComponent","SIA09-ICCAPR02","",""
"Serv828","ApplicationComponent","SIA09-ICCAPR03","",""
"Serv829","ApplicationComponent","SIA09-ICCAPR04","",""
"Serv830","ApplicationComponent","SIA09-ICCAPR05","",""
"Serv831","ApplicationComponent","SIA09-ICCAPR06","",""
"Serv832","ApplicationComponent","SIA09-LSMWUT1","",""
"Serv833","ApplicationComponent","SIA09-BNPR01","",""
"Serv834","ApplicationComponent","SIA09-BNPR02","",""
"Serv835","ApplicationComponent","SIA09-BNUT01","",""
"Serv836","ApplicationComponent","SIA09-BNUT02","",""
"Serv837","ApplicationComponent","SIA09-DBUTX2","",""
"Serv838","ApplicationComponent","SIA09-DLCT01B","",""
"Serv839","ApplicationComponent","SIA09-FTXA01","",""
"Serv840","ApplicationComponent","SIA09-FTXM01","",""
"Serv841","ApplicationComponent","SIA09-GPMM01","",""
"Serv842","ApplicationComponent","SIA09-GPU-CL01","",""
"Serv843","ApplicationComponent","SIA09-GPU-CL02","",""
"Serv844","ApplicationComponent","SIA09-GPU-CL03","",""
"Serv845","ApplicationComponent","SIA09-ISUT09","",""
"Serv846","ApplicationComponent","SIA09-ISUT88","",""
"Serv847","ApplicationComponent","SIA09-LSDBUT14","",""
"Serv848","ApplicationComponent","SIA09-LSDV03","",""
"Serv849","ApplicationComponent","SIA09-NASX01","",""
"Serv850","ApplicationComponent","SIA09-SFTPDV01","",""
"Serv851","ApplicationComponent","SIA09-SIWSDV02","",""
"Serv852","ApplicationComponent","SIA09-SIWSX1","",""
"Serv853","ApplicationComponent","SIA09-SIWSX2","",""
"Serv854","ApplicationComponent","SIA09-VCDC02","",""
"Serv855","ApplicationComponent","SIA09-APUTX1","",""
"Serv856","ApplicationComponent","SIA09-FHSI01","",""
"Serv857","ApplicationComponent","SIA09-FHPH01","",""
"Serv858","ApplicationComponent","SIA09-FHGJ01","",""
"Serv859","ApplicationComponent","SIA09-LSDV05","",""
"Serv860","ApplicationComponent","SWR-FL7-CX10-1","",""
"Serv861","ApplicationComponent","SWR-FL7-CX10-2","",""
"Serv862","ApplicationComponent","SWR-FL7-CX9300-1","",""
"Serv863","ApplicationComponent","SWR-FL7-CX9300-2","",""
"Serv864","ApplicationComponent","SWR-FL7-CX6100","",""
"Serv865","ApplicationComponent","DCPOWERSTORE","",""
"Serv866","ApplicationComponent","DCESXI3","",""
"Serv867","ApplicationComponent","DCESXI2","",""
"Serv868","ApplicationComponent","DCESXI1","",""
"Serv869","ApplicationComponent","DC-Node3 ","",""
"Serv870","ApplicationComponent","DC-Node2","",""
"Serv871","ApplicationComponent","DC-Node1","",""
"Serv872","ApplicationComponent","FE Hare","",""
"Serv873","ApplicationComponent","FE Rabbit","",""
"Serv874","ApplicationComponent","BE Hare","",""
"Serv875","ApplicationComponent","BE Rabbit","",""
"Serv876","ApplicationComponent","Hare","",""
"Serv877","ApplicationComponent","Rabbit","",""
"Serv878","ApplicationComponent","DCECS5","",""
"Serv879","ApplicationComponent","DCECS4","",""
"Serv880","ApplicationComponent","DCECS3","",""
"Serv881","ApplicationComponent","DCECS2","",""
"Serv882","ApplicationComponent","DCECS1","",""
"Serv883","ApplicationComponent","SIA09-REPO01","",""
"Serv884","ApplicationComponent","SIA09-ICCAPR91","",""
"Serv885","ApplicationComponent","SIA09-ICCAPR92","",""
"Serv886","ApplicationComponent","SIA09-ICCAPR93","",""
"Serv887","ApplicationComponent","SIA09-ICCAPR94","",""
"Serv888","ApplicationComponent","SIA09-ICCAPR95","",""
"Serv889","ApplicationComponent","SIA09-ICCAPR96","",""
"Serv890","ApplicationComponent","SIA09-APUT04","",""
"Serv891","ApplicationComponent","SIA09-APWS04","",""
"Serv892","ApplicationComponent","SIA09-XDRS02","",""
"Serv893","ApplicationComponent","SIA09-XDRS01","",""
"Serv894","ApplicationComponent","SIA09-WZDV01","",""
"Serv895","ApplicationComponent","SIA09-VROP01","",""
"Serv896","ApplicationComponent","SIA09-SFTP01","",""
"Serv897","ApplicationComponent","SIA09-MISP01","",""
"Serv898","ApplicationComponent","SIA09-LSVCX1","",""
"Serv899","ApplicationComponent","SIA09-ISUT25","",""
"Serv900","ApplicationComponent","SIA09-GPULX2","",""
"Serv901","ApplicationComponent","SIA09-GPULX1","",""
"Serv902","ApplicationComponent","SIA09-EYEX04","",""
"Serv903","ApplicationComponent","SIA09-DBDVX2","",""
"Serv904","ApplicationComponent","SIA09-BXPRX1","",""
"Serv905","ApplicationComponent","SIA09-BIPRX1","",""
"Serv906","ApplicationComponent","SIA09-ESXB21.si","",""
"Serv907","ApplicationComponent","SIA09-ESXB22.si","",""
"Serv908","ApplicationComponent","SIA09-ESXB23.si","",""
"Serv909","ApplicationComponent","SIA09-ESXB24.si","",""
"Serv910","ApplicationComponent","SIA09-ESXB31.si","",""
"Serv911","ApplicationComponent","SIA09-ESXB32.si","",""
"Serv912","ApplicationComponent","SIA09-ESDR11.si","",""
"Serv913","ApplicationComponent","SIA09-ESDR12.si","",""
"Serv914","ApplicationComponent","SIA09-ESDR13.si","",""
"Serv915","ApplicationComponent","DR-PowerVaultME5024","",""
"Serv916","ApplicationComponent","VM-PowerStore1200T-NEW","",""
"Serv917","ApplicationComponent","NAS-SYNOLOGY-HD6500","",""
"Serv918","ApplicationComponent","DR-VM-SW7720-TOP","",""
"Serv919","ApplicationComponent","DR-VM-SW7720-BOT","",""
"Serv920","ApplicationComponent","DR-UPS-NEW-01","",""
"Serv921","ApplicationComponent","DR-UPS-NEW-02","",""
"Serv922","ApplicationComponent","A10TH1060S-01","",""
"Serv923","ApplicationComponent","A10TH1060S-02","",""
"Serv924","ApplicationComponent","SIA09-TCSC01","",""
"Serv925","ApplicationComponent","SIA09-TCSC02","",""
"Serv926","ApplicationComponent","SIA09-TCPR01","",""
"Serv927","ApplicationComponent","SIA09-TCPR02","",""
"Serv928","ApplicationComponent","SIA09-TCPR11","",""
"Serv929","ApplicationComponent","SIA09-TCPR03","",""
"Serv930","ApplicationComponent","SIA09-TCPR21","",""
"Serv931","ApplicationComponent","SIA09-TCPR22","",""
"Serv932","ApplicationComponent","SIA09-TCPR31","",""
"Serv933","ApplicationComponent","SIA09-TCPR32","",""
"Serv934","ApplicationComponent","SIA09-TCPR33","",""
"Serv935","ApplicationComponent","SIA09-TCPR41","",""
"Serv936","ApplicationComponent","SIA09-TCPR42","",""
"Serv937","ApplicationComponent","SIA09-TCPR43","",""
"Serv938","ApplicationComponent","SIA09-TCPR44","",""
"Serv939","ApplicationComponent","SIA09-TCTS01","",""
"Serv940","ApplicationComponent","SIA09-TCTS02","",""
"Serv941","ApplicationComponent","SIA09-TCTS11","",""
"Serv942","ApplicationComponent","SIA09-TCTS21","",""
"Serv943","ApplicationComponent","SIA09-TCTS22","",""
"Serv944","ApplicationComponent","SIA09-TCTS31","",""
"Serv945","ApplicationComponent","SIA09-TCTS32","",""
"Serv946","ApplicationComponent","SIA09-TCTS41","",""
"Serv947","ApplicationComponent","SIA09-TCBS01","",""
"Serv948","ApplicationComponent","SIA09-TCTR01","",""
"Serv949","ApplicationComponent","SIA09-TCRDDC01","",""
"Serv950","ApplicationComponent","SIA09-TCRPDC01","",""
"Serv951","ApplicationComponent","SIA09-TCDR01","",""
"Serv952","ApplicationComponent","SIA09-TCDR11","",""
"Serv953","ApplicationComponent","SIA09-TCDR31","",""
"Serv954","ApplicationComponent","SIA09-TCDR32","",""
"Serv955","ApplicationComponent","SIA09-TCLBDR01","",""
"Serv956","ApplicationComponent","SIA09-TCLBDR02","",""
"Serv957","ApplicationComponent","SIA09-TCDR41","",""
"Serv958","ApplicationComponent","SIA09-TCDR42","",""
"Serv959","ApplicationComponent","SIA09-TCDR43","",""
"Serv960","ApplicationComponent","SIA09-TCDR21","",""
"Serv961","ApplicationComponent","SIA09-TCRDDR01","",""
"Serv962","ApplicationComponent","SIA09-TCRPDR01","",""
"Serv963","ApplicationComponent","SIA09-ETPR03","",""
"Serv964","ApplicationComponent","SIA09-COUT01","",""
"Serv965","ApplicationComponent","SIA09-COUT11","",""
"Serv966","ApplicationComponent","SIA09-COPR01","",""
"Serv967","ApplicationComponent","SIA09-COPR11","",""